Source Paper,Source Card Path,Target Paper,Target Card Path,Relation Type,Evidence Source,Verified Date
Actions as Language: Fine-Tuning VLMs into VLAs Without Catastrophic Forgetting,02_Papers/01_VLA/Actions_as_Language.md,3D-VLA: A 3D Vision-Language-Action Generative World Model,02_Papers/01_VLA/3D-VLA.md,References,https://arxiv.org/html/2509.22195#bib.bib20 (arXiv full-text bibliography item 20),2026-09-23
3D-VLA: A 3D Vision-Language-Action Generative World Model,02_Papers/01_VLA/3D-VLA.md,Actions as Language: Fine-Tuning VLMs into VLAs Without Catastrophic Forgetting,02_Papers/01_VLA/Actions_as_Language.md,Cited By,https://arxiv.org/html/2509.22195#bib.bib20 (arXiv full-text bibliography item 20),2026-09-23
Actions as Language: Fine-Tuning VLMs into VLAs Without Catastrophic Forgetting,02_Papers/01_VLA/Actions_as_Language.md,CoT-VLA: Visual Chain-of-Thought Reasoning for Vision-Language-Action Models,02_Papers/01_VLA/CoT-VLA.md,References,https://arxiv.org/html/2509.22195#bib.bib32 (arXiv full-text bibliography item 32),2026-09-23
CoT-VLA: Visual Chain-of-Thought Reasoning for Vision-Language-Action Models,02_Papers/01_VLA/CoT-VLA.md,Actions as Language: Fine-Tuning VLMs into VLAs Without Catastrophic Forgetting,02_Papers/01_VLA/Actions_as_Language.md,Cited By,https://arxiv.org/html/2509.22195#bib.bib32 (arXiv full-text bibliography item 32),2026-09-23
Actions as Language: Fine-Tuning VLMs into VLAs Without Catastrophic Forgetting,02_Papers/01_VLA/Actions_as_Language.md,Octo: An Open-Source Generalist Robot Policy,02_Papers/01_VLA/Octo.md,References,https://arxiv.org/html/2509.22195#bib.bib25 (arXiv full-text bibliography item 25),2026-09-23
Octo: An Open-Source Generalist Robot Policy,02_Papers/01_VLA/Octo.md,Actions as Language: Fine-Tuning VLMs into VLAs Without Catastrophic Forgetting,02_Papers/01_VLA/Actions_as_Language.md,Cited By,https://arxiv.org/html/2509.22195#bib.bib25 (arXiv full-text bibliography item 25),2026-09-23
Actions as Language: Fine-Tuning VLMs into VLAs Without Catastrophic Forgetting,02_Papers/01_VLA/Actions_as_Language.md,OpenVLA: An Open-Source Vision-Language-Action Model,02_Papers/01_VLA/OpenVLA.md,References,https://arxiv.org/html/2509.22195#bib.bib4 (arXiv full-text bibliography item 4),2026-09-23
OpenVLA: An Open-Source Vision-Language-Action Model,02_Papers/01_VLA/OpenVLA.md,Actions as Language: Fine-Tuning VLMs into VLAs Without Catastrophic Forgetting,02_Papers/01_VLA/Actions_as_Language.md,Cited By,https://arxiv.org/html/2509.22195#bib.bib4 (arXiv full-text bibliography item 4),2026-09-23
Actions as Language: Fine-Tuning VLMs into VLAs Without Catastrophic Forgetting,02_Papers/01_VLA/Actions_as_Language.md,"Do As I Can, Not As I Say: Grounding Language in Robotic Affordances",02_Papers/01_VLA/SayCan.md,References,https://arxiv.org/html/2509.22195#bib.bib33 (arXiv full-text bibliography item 33),2026-09-23
"Do As I Can, Not As I Say: Grounding Language in Robotic Affordances",02_Papers/01_VLA/SayCan.md,Actions as Language: Fine-Tuning VLMs into VLAs Without Catastrophic Forgetting,02_Papers/01_VLA/Actions_as_Language.md,Cited By,https://arxiv.org/html/2509.22195#bib.bib33 (arXiv full-text bibliography item 33),2026-09-23
Actions as Language: Fine-Tuning VLMs into VLAs Without Catastrophic Forgetting,02_Papers/01_VLA/Actions_as_Language.md,HAMSTER: Hierarchical Action Models for Open-World Robot Manipulation,02_Papers/07_Generalization_LongHorizon/HAMSTER.md,References,https://arxiv.org/html/2509.22195#bib.bib41 (arXiv full-text bibliography item 41),2026-09-23
HAMSTER: Hierarchical Action Models for Open-World Robot Manipulation,02_Papers/07_Generalization_LongHorizon/HAMSTER.md,Actions as Language: Fine-Tuning VLMs into VLAs Without Catastrophic Forgetting,02_Papers/01_VLA/Actions_as_Language.md,Cited By,https://arxiv.org/html/2509.22195#bib.bib41 (arXiv full-text bibliography item 41),2026-09-23
Actions as Language: Fine-Tuning VLMs into VLAs Without Catastrophic Forgetting,02_Papers/01_VLA/Actions_as_Language.md,DROID: A Large-Scale In-The-Wild Robot Manipulation Dataset,02_Papers/10_Benchmark_Dataset/DROID.md,References,https://arxiv.org/html/2509.22195#bib.bib49 (arXiv full-text bibliography item 49),2026-09-23
DROID: A Large-Scale In-The-Wild Robot Manipulation Dataset,02_Papers/10_Benchmark_Dataset/DROID.md,Actions as Language: Fine-Tuning VLMs into VLAs Without Catastrophic Forgetting,02_Papers/01_VLA/Actions_as_Language.md,Cited By,https://arxiv.org/html/2509.22195#bib.bib49 (arXiv full-text bibliography item 49),2026-09-23
Actions as Language: Fine-Tuning VLMs into VLAs Without Catastrophic Forgetting,02_Papers/01_VLA/Actions_as_Language.md,Open X-Embodiment: Robotic Learning Datasets and RT-X Models,02_Papers/10_Benchmark_Dataset/Open_X-Embodiment.md,References,https://arxiv.org/html/2509.22195#bib.bib10 (arXiv full-text bibliography item 10),2026-09-23
Open X-Embodiment: Robotic Learning Datasets and RT-X Models,02_Papers/10_Benchmark_Dataset/Open_X-Embodiment.md,Actions as Language: Fine-Tuning VLMs into VLAs Without Catastrophic Forgetting,02_Papers/01_VLA/Actions_as_Language.md,Cited By,https://arxiv.org/html/2509.22195#bib.bib10 (arXiv full-text bibliography item 10),2026-09-23
BridgeVLA: Input-Output Alignment for Efficient 3D Manipulation Learning with Vision-Language Models,02_Papers/01_VLA/BridgeVLA.md,3D-VLA: A 3D Vision-Language-Action Generative World Model,02_Papers/01_VLA/3D-VLA.md,References,https://arxiv.org/html/2506.07961#bib.bib15 (arXiv full-text bibliography item 15),2026-09-23
3D-VLA: A 3D Vision-Language-Action Generative World Model,02_Papers/01_VLA/3D-VLA.md,BridgeVLA: Input-Output Alignment for Efficient 3D Manipulation Learning with Vision-Language Models,02_Papers/01_VLA/BridgeVLA.md,Cited By,https://arxiv.org/html/2506.07961#bib.bib15 (arXiv full-text bibliography item 15),2026-09-23
BridgeVLA: Input-Output Alignment for Efficient 3D Manipulation Learning with Vision-Language Models,02_Papers/01_VLA/BridgeVLA.md,OpenVLA: An Open-Source Vision-Language-Action Model,02_Papers/01_VLA/OpenVLA.md,References,https://arxiv.org/html/2506.07961#bib.bib5 (arXiv full-text bibliography item 5),2026-09-23
OpenVLA: An Open-Source Vision-Language-Action Model,02_Papers/01_VLA/OpenVLA.md,BridgeVLA: Input-Output Alignment for Efficient 3D Manipulation Learning with Vision-Language Models,02_Papers/01_VLA/BridgeVLA.md,Cited By,https://arxiv.org/html/2506.07961#bib.bib5 (arXiv full-text bibliography item 5),2026-09-23
BridgeVLA: Input-Output Alignment for Efficient 3D Manipulation Learning with Vision-Language Models,02_Papers/01_VLA/BridgeVLA.md,3D Diffuser Actor: Policy Diffusion with 3D Scene Representations,02_Papers/06_Diffusion_Flow_IL_RL/3D_Diffuser_Actor.md,References,https://arxiv.org/html/2506.07961#bib.bib11 (arXiv full-text bibliography item 11),2026-09-23
3D Diffuser Actor: Policy Diffusion with 3D Scene Representations,02_Papers/06_Diffusion_Flow_IL_RL/3D_Diffuser_Actor.md,BridgeVLA: Input-Output Alignment for Efficient 3D Manipulation Learning with Vision-Language Models,02_Papers/01_VLA/BridgeVLA.md,Cited By,https://arxiv.org/html/2506.07961#bib.bib11 (arXiv full-text bibliography item 11),2026-09-23
BridgeVLA: Input-Output Alignment for Efficient 3D Manipulation Learning with Vision-Language Models,02_Papers/01_VLA/BridgeVLA.md,THE COLOSSEUM: A Benchmark for Evaluating Generalization for Robotic Manipulation,02_Papers/10_Benchmark_Dataset/THE_COLOSSEUM.md,References,https://arxiv.org/html/2506.07961#bib.bib18 (arXiv full-text bibliography item 18),2026-09-23
THE COLOSSEUM: A Benchmark for Evaluating Generalization for Robotic Manipulation,02_Papers/10_Benchmark_Dataset/THE_COLOSSEUM.md,BridgeVLA: Input-Output Alignment for Efficient 3D Manipulation Learning with Vision-Language Models,02_Papers/01_VLA/BridgeVLA.md,Cited By,https://arxiv.org/html/2506.07961#bib.bib18 (arXiv full-text bibliography item 18),2026-09-23
CoT-VLA: Visual Chain-of-Thought Reasoning for Vision-Language-Action Models,02_Papers/01_VLA/CoT-VLA.md,3D-VLA: A 3D Vision-Language-Action Generative World Model,02_Papers/01_VLA/3D-VLA.md,References,https://arxiv.org/html/2503.22020#bib.bib78 (arXiv full-text bibliography item 78),2026-09-23
3D-VLA: A 3D Vision-Language-Action Generative World Model,02_Papers/01_VLA/3D-VLA.md,CoT-VLA: Visual Chain-of-Thought Reasoning for Vision-Language-Action Models,02_Papers/01_VLA/CoT-VLA.md,Cited By,https://arxiv.org/html/2503.22020#bib.bib78 (arXiv full-text bibliography item 78),2026-09-23
CoT-VLA: Visual Chain-of-Thought Reasoning for Vision-Language-Action Models,02_Papers/01_VLA/CoT-VLA.md,Octo: An Open-Source Generalist Robot Policy,02_Papers/01_VLA/Octo.md,References,https://arxiv.org/html/2503.22020#bib.bib59 (arXiv full-text bibliography item 59),2026-09-23
Octo: An Open-Source Generalist Robot Policy,02_Papers/01_VLA/Octo.md,CoT-VLA: Visual Chain-of-Thought Reasoning for Vision-Language-Action Models,02_Papers/01_VLA/CoT-VLA.md,Cited By,https://arxiv.org/html/2503.22020#bib.bib59 (arXiv full-text bibliography item 59),2026-09-23
CoT-VLA: Visual Chain-of-Thought Reasoning for Vision-Language-Action Models,02_Papers/01_VLA/CoT-VLA.md,OpenVLA: An Open-Source Vision-Language-Action Model,02_Papers/01_VLA/OpenVLA.md,References,https://arxiv.org/html/2503.22020#bib.bib29 (arXiv full-text bibliography item 29),2026-09-23
OpenVLA: An Open-Source Vision-Language-Action Model,02_Papers/01_VLA/OpenVLA.md,CoT-VLA: Visual Chain-of-Thought Reasoning for Vision-Language-Action Models,02_Papers/01_VLA/CoT-VLA.md,Cited By,https://arxiv.org/html/2503.22020#bib.bib29 (arXiv full-text bibliography item 29),2026-09-23
CoT-VLA: Visual Chain-of-Thought Reasoning for Vision-Language-Action Models,02_Papers/01_VLA/CoT-VLA.md,Dreamitate: Real-World Visuomotor Policy Learning via Video Generation,02_Papers/02_Robot_Manipulation/Dreamitate.md,References,https://arxiv.org/html/2503.22020#bib.bib35 (arXiv full-text bibliography item 35),2026-09-23
Dreamitate: Real-World Visuomotor Policy Learning via Video Generation,02_Papers/02_Robot_Manipulation/Dreamitate.md,CoT-VLA: Visual Chain-of-Thought Reasoning for Vision-Language-Action Models,02_Papers/01_VLA/CoT-VLA.md,Cited By,https://arxiv.org/html/2503.22020#bib.bib35 (arXiv full-text bibliography item 35),2026-09-23
CoT-VLA: Visual Chain-of-Thought Reasoning for Vision-Language-Action Models,02_Papers/01_VLA/CoT-VLA.md,Open X-Embodiment: Robotic Learning Datasets and RT-X Models,02_Papers/10_Benchmark_Dataset/Open_X-Embodiment.md,References,https://arxiv.org/html/2503.22020#bib.bib48 (arXiv full-text bibliography item 48),2026-09-23
Open X-Embodiment: Robotic Learning Datasets and RT-X Models,02_Papers/10_Benchmark_Dataset/Open_X-Embodiment.md,CoT-VLA: Visual Chain-of-Thought Reasoning for Vision-Language-Action Models,02_Papers/01_VLA/CoT-VLA.md,Cited By,https://arxiv.org/html/2503.22020#bib.bib48 (arXiv full-text bibliography item 48),2026-09-23
DiffusionVLA: Scaling Robot Foundation Models via Unified Diffusion and Autoregression,02_Papers/01_VLA/DiffusionVLA.md,Octo: An Open-Source Generalist Robot Policy,02_Papers/01_VLA/Octo.md,References,https://arxiv.org/html/2412.03293#bib.bib35 (arXiv full-text bibliography item 35),2026-09-23
Octo: An Open-Source Generalist Robot Policy,02_Papers/01_VLA/Octo.md,DiffusionVLA: Scaling Robot Foundation Models via Unified Diffusion and Autoregression,02_Papers/01_VLA/DiffusionVLA.md,Cited By,https://arxiv.org/html/2412.03293#bib.bib35 (arXiv full-text bibliography item 35),2026-09-23
DiffusionVLA: Scaling Robot Foundation Models via Unified Diffusion and Autoregression,02_Papers/01_VLA/DiffusionVLA.md,OpenVLA: An Open-Source Vision-Language-Action Model,02_Papers/01_VLA/OpenVLA.md,References,https://arxiv.org/html/2412.03293#bib.bib24 (arXiv full-text bibliography item 24),2026-09-23
OpenVLA: An Open-Source Vision-Language-Action Model,02_Papers/01_VLA/OpenVLA.md,DiffusionVLA: Scaling Robot Foundation Models via Unified Diffusion and Autoregression,02_Papers/01_VLA/DiffusionVLA.md,Cited By,https://arxiv.org/html/2412.03293#bib.bib24 (arXiv full-text bibliography item 24),2026-09-23
DiffusionVLA: Scaling Robot Foundation Models via Unified Diffusion and Autoregression,02_Papers/01_VLA/DiffusionVLA.md,ALOHA Unleashed: A Simple Recipe for Robot Dexterity,02_Papers/03_Bimanual/ALOHA_Unleashed.md,References,https://arxiv.org/html/2412.03293#bib.bib68 (arXiv full-text bibliography item 68),2026-09-23
ALOHA Unleashed: A Simple Recipe for Robot Dexterity,02_Papers/03_Bimanual/ALOHA_Unleashed.md,DiffusionVLA: Scaling Robot Foundation Models via Unified Diffusion and Autoregression,02_Papers/01_VLA/DiffusionVLA.md,Cited By,https://arxiv.org/html/2412.03293#bib.bib68 (arXiv full-text bibliography item 68),2026-09-23
DiffusionVLA: Scaling Robot Foundation Models via Unified Diffusion and Autoregression,02_Papers/01_VLA/DiffusionVLA.md,RDT-1B: a Diffusion Foundation Model for Bimanual Manipulation,02_Papers/03_Bimanual/RDT-1B.md,References,https://arxiv.org/html/2412.03293#bib.bib33 (arXiv full-text bibliography item 33),2026-09-23
RDT-1B: a Diffusion Foundation Model for Bimanual Manipulation,02_Papers/03_Bimanual/RDT-1B.md,DiffusionVLA: Scaling Robot Foundation Models via Unified Diffusion and Autoregression,02_Papers/01_VLA/DiffusionVLA.md,Cited By,https://arxiv.org/html/2412.03293#bib.bib33 (arXiv full-text bibliography item 33),2026-09-23
DiffusionVLA: Scaling Robot Foundation Models via Unified Diffusion and Autoregression,02_Papers/01_VLA/DiffusionVLA.md,3D Diffuser Actor: Policy Diffusion with 3D Scene Representations,02_Papers/06_Diffusion_Flow_IL_RL/3D_Diffuser_Actor.md,References,https://arxiv.org/html/2412.03293#bib.bib22 (arXiv full-text bibliography item 22),2026-09-23
3D Diffuser Actor: Policy Diffusion with 3D Scene Representations,02_Papers/06_Diffusion_Flow_IL_RL/3D_Diffuser_Actor.md,DiffusionVLA: Scaling Robot Foundation Models via Unified Diffusion and Autoregression,02_Papers/01_VLA/DiffusionVLA.md,Cited By,https://arxiv.org/html/2412.03293#bib.bib22 (arXiv full-text bibliography item 22),2026-09-23
DiffusionVLA: Scaling Robot Foundation Models via Unified Diffusion and Autoregression,02_Papers/01_VLA/DiffusionVLA.md,Equivariant Diffusion Policy,02_Papers/06_Diffusion_Flow_IL_RL/Equivariant_Diffusion_Policy.md,References,https://arxiv.org/html/2412.03293#bib.bib51 (arXiv full-text bibliography item 51),2026-09-23
Equivariant Diffusion Policy,02_Papers/06_Diffusion_Flow_IL_RL/Equivariant_Diffusion_Policy.md,DiffusionVLA: Scaling Robot Foundation Models via Unified Diffusion and Autoregression,02_Papers/01_VLA/DiffusionVLA.md,Cited By,https://arxiv.org/html/2412.03293#bib.bib51 (arXiv full-text bibliography item 51),2026-09-23
DiffusionVLA: Scaling Robot Foundation Models via Unified Diffusion and Autoregression,02_Papers/01_VLA/DiffusionVLA.md,DROID: A Large-Scale In-The-Wild Robot Manipulation Dataset,02_Papers/10_Benchmark_Dataset/DROID.md,References,https://arxiv.org/html/2412.03293#bib.bib23 (arXiv full-text bibliography item 23),2026-09-23
DROID: A Large-Scale In-The-Wild Robot Manipulation Dataset,02_Papers/10_Benchmark_Dataset/DROID.md,DiffusionVLA: Scaling Robot Foundation Models via Unified Diffusion and Autoregression,02_Papers/01_VLA/DiffusionVLA.md,Cited By,https://arxiv.org/html/2412.03293#bib.bib23 (arXiv full-text bibliography item 23),2026-09-23
DiffusionVLA: Scaling Robot Foundation Models via Unified Diffusion and Autoregression,02_Papers/01_VLA/DiffusionVLA.md,Open X-Embodiment: Robotic Learning Datasets and RT-X Models,02_Papers/10_Benchmark_Dataset/Open_X-Embodiment.md,References,https://arxiv.org/html/2412.03293#bib.bib36 (arXiv full-text bibliography item 36),2026-09-23
Open X-Embodiment: Robotic Learning Datasets and RT-X Models,02_Papers/10_Benchmark_Dataset/Open_X-Embodiment.md,DiffusionVLA: Scaling Robot Foundation Models via Unified Diffusion and Autoregression,02_Papers/01_VLA/DiffusionVLA.md,Cited By,https://arxiv.org/html/2412.03293#bib.bib36 (arXiv full-text bibliography item 36),2026-09-23
MoManipVLA: Transferring Vision-language-action Models for General Mobile Manipulation,02_Papers/01_VLA/MoManipVLA.md,ManipLLM: Embodied Multimodal Large Language Model for Object-Centric Robotic Manipulation,02_Papers/02_Robot_Manipulation/ManipLLM.md,References,https://openalex.org/W4413147465 (OpenAlex referenced_works metadata),2026-09-23
ManipLLM: Embodied Multimodal Large Language Model for Object-Centric Robotic Manipulation,02_Papers/02_Robot_Manipulation/ManipLLM.md,MoManipVLA: Transferring Vision-language-action Models for General Mobile Manipulation,02_Papers/01_VLA/MoManipVLA.md,Cited By,https://openalex.org/W4413147465 (OpenAlex referenced_works metadata),2026-09-23
MoManipVLA: Transferring Vision-language-action Models for General Mobile Manipulation,02_Papers/01_VLA/MoManipVLA.md,"SPIN: Simultaneous Perception, Interaction and Navigation",02_Papers/02_Robot_Manipulation/SPIN.md,References,https://openalex.org/W4413147465 (OpenAlex referenced_works metadata),2026-09-23
"SPIN: Simultaneous Perception, Interaction and Navigation",02_Papers/02_Robot_Manipulation/SPIN.md,MoManipVLA: Transferring Vision-language-action Models for General Mobile Manipulation,02_Papers/01_VLA/MoManipVLA.md,Cited By,https://openalex.org/W4413147465 (OpenAlex referenced_works metadata),2026-09-23
Octo: An Open-Source Generalist Robot Policy,02_Papers/01_VLA/Octo.md,"Do As I Can, Not As I Say: Grounding Language in Robotic Affordances",02_Papers/01_VLA/SayCan.md,References,https://arxiv.org/html/2405.12213#bib.bib11 (arXiv full-text bibliography item 11),2026-09-23
"Do As I Can, Not As I Say: Grounding Language in Robotic Affordances",02_Papers/01_VLA/SayCan.md,Octo: An Open-Source Generalist Robot Policy,02_Papers/01_VLA/Octo.md,Cited By,https://arxiv.org/html/2405.12213#bib.bib11 (arXiv full-text bibliography item 11),2026-09-23
Octo: An Open-Source Generalist Robot Policy,02_Papers/01_VLA/Octo.md,Open X-Embodiment: Robotic Learning Datasets and RT-X Models,02_Papers/10_Benchmark_Dataset/Open_X-Embodiment.md,References,https://arxiv.org/html/2405.12213#bib.bib67 (arXiv full-text bibliography item 67),2026-09-23
Open X-Embodiment: Robotic Learning Datasets and RT-X Models,02_Papers/10_Benchmark_Dataset/Open_X-Embodiment.md,Octo: An Open-Source Generalist Robot Policy,02_Papers/01_VLA/Octo.md,Cited By,https://arxiv.org/html/2405.12213#bib.bib67 (arXiv full-text bibliography item 67),2026-09-23
OpenVLA: An Open-Source Vision-Language-Action Model,02_Papers/01_VLA/OpenVLA.md,Octo: An Open-Source Generalist Robot Policy,02_Papers/01_VLA/Octo.md,References,https://arxiv.org/html/2406.09246#bib.bib5 (arXiv full-text bibliography item 5),2026-09-23
Octo: An Open-Source Generalist Robot Policy,02_Papers/01_VLA/Octo.md,OpenVLA: An Open-Source Vision-Language-Action Model,02_Papers/01_VLA/OpenVLA.md,Cited By,https://arxiv.org/html/2406.09246#bib.bib5 (arXiv full-text bibliography item 5),2026-09-23
OpenVLA: An Open-Source Vision-Language-Action Model,02_Papers/01_VLA/OpenVLA.md,DROID: A Large-Scale In-The-Wild Robot Manipulation Dataset,02_Papers/10_Benchmark_Dataset/DROID.md,References,https://arxiv.org/html/2406.09246#bib.bib11 (arXiv full-text bibliography item 11),2026-09-23
DROID: A Large-Scale In-The-Wild Robot Manipulation Dataset,02_Papers/10_Benchmark_Dataset/DROID.md,OpenVLA: An Open-Source Vision-Language-Action Model,02_Papers/01_VLA/OpenVLA.md,Cited By,https://arxiv.org/html/2406.09246#bib.bib11 (arXiv full-text bibliography item 11),2026-09-23
OpenVLA: An Open-Source Vision-Language-Action Model,02_Papers/01_VLA/OpenVLA.md,Open X-Embodiment: Robotic Learning Datasets and RT-X Models,02_Papers/10_Benchmark_Dataset/Open_X-Embodiment.md,References,https://arxiv.org/html/2406.09246#bib.bib1 (arXiv full-text bibliography item 1),2026-09-23
Open X-Embodiment: Robotic Learning Datasets and RT-X Models,02_Papers/10_Benchmark_Dataset/Open_X-Embodiment.md,OpenVLA: An Open-Source Vision-Language-Action Model,02_Papers/01_VLA/OpenVLA.md,Cited By,https://arxiv.org/html/2406.09246#bib.bib1 (arXiv full-text bibliography item 1),2026-09-23
ReconVLA: Reconstructive Vision-Language-Action Model as Effective Robot Perceiver,02_Papers/01_VLA/ReconVLA.md,3D-VLA: A 3D Vision-Language-Action Generative World Model,02_Papers/01_VLA/3D-VLA.md,References,https://arxiv.org/html/2508.10333#bib.bib58 (arXiv full-text bibliography item 58),2026-09-23
3D-VLA: A 3D Vision-Language-Action Generative World Model,02_Papers/01_VLA/3D-VLA.md,ReconVLA: Reconstructive Vision-Language-Action Model as Effective Robot Perceiver,02_Papers/01_VLA/ReconVLA.md,Cited By,https://arxiv.org/html/2508.10333#bib.bib58 (arXiv full-text bibliography item 58),2026-09-23
ReconVLA: Reconstructive Vision-Language-Action Model as Effective Robot Perceiver,02_Papers/01_VLA/ReconVLA.md,Octo: An Open-Source Generalist Robot Policy,02_Papers/01_VLA/Octo.md,References,https://arxiv.org/html/2508.10333#bib.bib32 (arXiv full-text bibliography item 32),2026-09-23
Octo: An Open-Source Generalist Robot Policy,02_Papers/01_VLA/Octo.md,ReconVLA: Reconstructive Vision-Language-Action Model as Effective Robot Perceiver,02_Papers/01_VLA/ReconVLA.md,Cited By,https://arxiv.org/html/2508.10333#bib.bib32 (arXiv full-text bibliography item 32),2026-09-23
ReconVLA: Reconstructive Vision-Language-Action Model as Effective Robot Perceiver,02_Papers/01_VLA/ReconVLA.md,OpenVLA: An Open-Source Vision-Language-Action Model,02_Papers/01_VLA/OpenVLA.md,References,https://arxiv.org/html/2508.10333#bib.bib21 (arXiv full-text bibliography item 21),2026-09-23
OpenVLA: An Open-Source Vision-Language-Action Model,02_Papers/01_VLA/OpenVLA.md,ReconVLA: Reconstructive Vision-Language-Action Model as Effective Robot Perceiver,02_Papers/01_VLA/ReconVLA.md,Cited By,https://arxiv.org/html/2508.10333#bib.bib21 (arXiv full-text bibliography item 21),2026-09-23
ReconVLA: Reconstructive Vision-Language-Action Model as Effective Robot Perceiver,02_Papers/01_VLA/ReconVLA.md,RoboGround: Robotic Manipulation with Grounded Vision-Language Priors,02_Papers/01_VLA/RoboGround.md,References,https://arxiv.org/html/2508.10333#bib.bib18 (arXiv full-text bibliography item 18),2026-09-23
RoboGround: Robotic Manipulation with Grounded Vision-Language Priors,02_Papers/01_VLA/RoboGround.md,ReconVLA: Reconstructive Vision-Language-Action Model as Effective Robot Perceiver,02_Papers/01_VLA/ReconVLA.md,Cited By,https://arxiv.org/html/2508.10333#bib.bib18 (arXiv full-text bibliography item 18),2026-09-23
ReconVLA: Reconstructive Vision-Language-Action Model as Effective Robot Perceiver,02_Papers/01_VLA/ReconVLA.md,VidMan: Exploiting Implicit Dynamics from Video Diffusion Model for Effective Robot Manipulation,02_Papers/02_Robot_Manipulation/VidMan.md,References,https://arxiv.org/html/2508.10333#bib.bib49 (arXiv full-text bibliography item 49),2026-09-23
VidMan: Exploiting Implicit Dynamics from Video Diffusion Model for Effective Robot Manipulation,02_Papers/02_Robot_Manipulation/VidMan.md,ReconVLA: Reconstructive Vision-Language-Action Model as Effective Robot Perceiver,02_Papers/01_VLA/ReconVLA.md,Cited By,https://arxiv.org/html/2508.10333#bib.bib49 (arXiv full-text bibliography item 49),2026-09-23
ReconVLA: Reconstructive Vision-Language-Action Model as Effective Robot Perceiver,02_Papers/01_VLA/ReconVLA.md,Closed-Loop Visuomotor Control with Generative Expectation for Robotic Manipulation,02_Papers/07_Generalization_LongHorizon/Closed-Loop_Visuomotor_Control_with_Generative_Expectation_for_Robotic_Manipulation.md,References,https://arxiv.org/html/2508.10333#bib.bib6 (arXiv full-text bibliography item 6),2026-09-23
Closed-Loop Visuomotor Control with Generative Expectation for Robotic Manipulation,02_Papers/07_Generalization_LongHorizon/Closed-Loop_Visuomotor_Control_with_Generative_Expectation_for_Robotic_Manipulation.md,ReconVLA: Reconstructive Vision-Language-Action Model as Effective Robot Perceiver,02_Papers/01_VLA/ReconVLA.md,Cited By,https://arxiv.org/html/2508.10333#bib.bib6 (arXiv full-text bibliography item 6),2026-09-23
ReconVLA: Reconstructive Vision-Language-Action Model as Effective Robot Perceiver,02_Papers/01_VLA/ReconVLA.md,Open X-Embodiment: Robotic Learning Datasets and RT-X Models,02_Papers/10_Benchmark_Dataset/Open_X-Embodiment.md,References,https://arxiv.org/html/2508.10333#bib.bib33 (arXiv full-text bibliography item 33),2026-09-23
Open X-Embodiment: Robotic Learning Datasets and RT-X Models,02_Papers/10_Benchmark_Dataset/Open_X-Embodiment.md,ReconVLA: Reconstructive Vision-Language-Action Model as Effective Robot Perceiver,02_Papers/01_VLA/ReconVLA.md,Cited By,https://arxiv.org/html/2508.10333#bib.bib33 (arXiv full-text bibliography item 33),2026-09-23
RoboGround: Robotic Manipulation with Grounded Vision-Language Priors,02_Papers/01_VLA/RoboGround.md,OpenVLA: An Open-Source Vision-Language-Action Model,02_Papers/01_VLA/OpenVLA.md,References,https://arxiv.org/html/2504.21530#bib.bib19 (arXiv full-text bibliography item 19),2026-09-23
OpenVLA: An Open-Source Vision-Language-Action Model,02_Papers/01_VLA/OpenVLA.md,RoboGround: Robotic Manipulation with Grounded Vision-Language Priors,02_Papers/01_VLA/RoboGround.md,Cited By,https://arxiv.org/html/2504.21530#bib.bib19 (arXiv full-text bibliography item 19),2026-09-23
RoboGround: Robotic Manipulation with Grounded Vision-Language Priors,02_Papers/01_VLA/RoboGround.md,Closed-Loop Visuomotor Control with Generative Expectation for Robotic Manipulation,02_Papers/07_Generalization_LongHorizon/Closed-Loop_Visuomotor_Control_with_Generative_Expectation_for_Robotic_Manipulation.md,References,https://arxiv.org/html/2504.21530#bib.bib6 (arXiv full-text bibliography item 6),2026-09-23
Closed-Loop Visuomotor Control with Generative Expectation for Robotic Manipulation,02_Papers/07_Generalization_LongHorizon/Closed-Loop_Visuomotor_Control_with_Generative_Expectation_for_Robotic_Manipulation.md,RoboGround: Robotic Manipulation with Grounded Vision-Language Priors,02_Papers/01_VLA/RoboGround.md,Cited By,https://arxiv.org/html/2504.21530#bib.bib6 (arXiv full-text bibliography item 6),2026-09-23
RoboGround: Robotic Manipulation with Grounded Vision-Language Priors,02_Papers/01_VLA/RoboGround.md,RoboCasa: Large-Scale Simulation of Household Tasks for Generalist Robots,02_Papers/10_Benchmark_Dataset/RoboCasa.md,References,https://openalex.org/W4413147462 (OpenAlex referenced_works metadata),2026-09-23
RoboCasa: Large-Scale Simulation of Household Tasks for Generalist Robots,02_Papers/10_Benchmark_Dataset/RoboCasa.md,RoboGround: Robotic Manipulation with Grounded Vision-Language Priors,02_Papers/01_VLA/RoboGround.md,Cited By,https://openalex.org/W4413147462 (OpenAlex referenced_works metadata),2026-09-23
RoboMamba: Efficient Vision-Language-Action Model for Robotic Reasoning and Manipulation,02_Papers/01_VLA/RoboMamba.md,OpenVLA: An Open-Source Vision-Language-Action Model,02_Papers/01_VLA/OpenVLA.md,References,https://arxiv.org/html/2406.04339#bib.bib29 (arXiv full-text bibliography item 29),2026-09-23
OpenVLA: An Open-Source Vision-Language-Action Model,02_Papers/01_VLA/OpenVLA.md,RoboMamba: Efficient Vision-Language-Action Model for Robotic Reasoning and Manipulation,02_Papers/01_VLA/RoboMamba.md,Cited By,https://arxiv.org/html/2406.04339#bib.bib29 (arXiv full-text bibliography item 29),2026-09-23
RoboMamba: Efficient Vision-Language-Action Model for Robotic Reasoning and Manipulation,02_Papers/01_VLA/RoboMamba.md,"Do As I Can, Not As I Say: Grounding Language in Robotic Affordances",02_Papers/01_VLA/SayCan.md,References,https://arxiv.org/html/2406.04339#bib.bib9 (arXiv full-text bibliography item 9),2026-09-23
"Do As I Can, Not As I Say: Grounding Language in Robotic Affordances",02_Papers/01_VLA/SayCan.md,RoboMamba: Efficient Vision-Language-Action Model for Robotic Reasoning and Manipulation,02_Papers/01_VLA/RoboMamba.md,Cited By,https://arxiv.org/html/2406.04339#bib.bib9 (arXiv full-text bibliography item 9),2026-09-23
RoboMamba: Efficient Vision-Language-Action Model for Robotic Reasoning and Manipulation,02_Papers/01_VLA/RoboMamba.md,ManipLLM: Embodied Multimodal Large Language Model for Object-Centric Robotic Manipulation,02_Papers/02_Robot_Manipulation/ManipLLM.md,References,https://arxiv.org/html/2406.04339#bib.bib15 (arXiv full-text bibliography item 15),2026-09-23
ManipLLM: Embodied Multimodal Large Language Model for Object-Centric Robotic Manipulation,02_Papers/02_Robot_Manipulation/ManipLLM.md,RoboMamba: Efficient Vision-Language-Action Model for Robotic Reasoning and Manipulation,02_Papers/01_VLA/RoboMamba.md,Cited By,https://arxiv.org/html/2406.04339#bib.bib15 (arXiv full-text bibliography item 15),2026-09-23
RoboMonkey: Scaling Test-Time Sampling and Verification for Vision-Language-Action Models,02_Papers/01_VLA/RoboMonkey.md,CoT-VLA: Visual Chain-of-Thought Reasoning for Vision-Language-Action Models,02_Papers/01_VLA/CoT-VLA.md,References,https://arxiv.org/html/2506.17811#bib.bib18 (arXiv full-text bibliography item 18),2026-09-23
CoT-VLA: Visual Chain-of-Thought Reasoning for Vision-Language-Action Models,02_Papers/01_VLA/CoT-VLA.md,RoboMonkey: Scaling Test-Time Sampling and Verification for Vision-Language-Action Models,02_Papers/01_VLA/RoboMonkey.md,Cited By,https://arxiv.org/html/2506.17811#bib.bib18 (arXiv full-text bibliography item 18),2026-09-23
RoboMonkey: Scaling Test-Time Sampling and Verification for Vision-Language-Action Models,02_Papers/01_VLA/RoboMonkey.md,Octo: An Open-Source Generalist Robot Policy,02_Papers/01_VLA/Octo.md,References,https://arxiv.org/html/2506.17811#bib.bib34 (arXiv full-text bibliography item 34),2026-09-23
Octo: An Open-Source Generalist Robot Policy,02_Papers/01_VLA/Octo.md,RoboMonkey: Scaling Test-Time Sampling and Verification for Vision-Language-Action Models,02_Papers/01_VLA/RoboMonkey.md,Cited By,https://arxiv.org/html/2506.17811#bib.bib34 (arXiv full-text bibliography item 34),2026-09-23
RoboMonkey: Scaling Test-Time Sampling and Verification for Vision-Language-Action Models,02_Papers/01_VLA/RoboMonkey.md,OpenVLA: An Open-Source Vision-Language-Action Model,02_Papers/01_VLA/OpenVLA.md,References,https://arxiv.org/html/2506.17811#bib.bib2 (arXiv full-text bibliography item 2),2026-09-23
OpenVLA: An Open-Source Vision-Language-Action Model,02_Papers/01_VLA/OpenVLA.md,RoboMonkey: Scaling Test-Time Sampling and Verification for Vision-Language-Action Models,02_Papers/01_VLA/RoboMonkey.md,Cited By,https://arxiv.org/html/2506.17811#bib.bib2 (arXiv full-text bibliography item 2),2026-09-23
RoboMonkey: Scaling Test-Time Sampling and Verification for Vision-Language-Action Models,02_Papers/01_VLA/RoboMonkey.md,DROID: A Large-Scale In-The-Wild Robot Manipulation Dataset,02_Papers/10_Benchmark_Dataset/DROID.md,References,https://arxiv.org/html/2506.17811#bib.bib6 (arXiv full-text bibliography item 6),2026-09-23
DROID: A Large-Scale In-The-Wild Robot Manipulation Dataset,02_Papers/10_Benchmark_Dataset/DROID.md,RoboMonkey: Scaling Test-Time Sampling and Verification for Vision-Language-Action Models,02_Papers/01_VLA/RoboMonkey.md,Cited By,https://arxiv.org/html/2506.17811#bib.bib6 (arXiv full-text bibliography item 6),2026-09-23
RoboMonkey: Scaling Test-Time Sampling and Verification for Vision-Language-Action Models,02_Papers/01_VLA/RoboMonkey.md,Open X-Embodiment: Robotic Learning Datasets and RT-X Models,02_Papers/10_Benchmark_Dataset/Open_X-Embodiment.md,References,https://arxiv.org/html/2506.17811#bib.bib7 (arXiv full-text bibliography item 7),2026-09-23
Open X-Embodiment: Robotic Learning Datasets and RT-X Models,02_Papers/10_Benchmark_Dataset/Open_X-Embodiment.md,RoboMonkey: Scaling Test-Time Sampling and Verification for Vision-Language-Action Models,02_Papers/01_VLA/RoboMonkey.md,Cited By,https://arxiv.org/html/2506.17811#bib.bib7 (arXiv full-text bibliography item 7),2026-09-23
SP-VLA: A Joint Model Scheduling and Token Pruning Approach for VLA Model Acceleration,02_Papers/01_VLA/SP-VLA.md,Octo: An Open-Source Generalist Robot Policy,02_Papers/01_VLA/Octo.md,References,https://arxiv.org/html/2506.12723#bib.bib36 (arXiv full-text bibliography item 36),2026-09-23
Octo: An Open-Source Generalist Robot Policy,02_Papers/01_VLA/Octo.md,SP-VLA: A Joint Model Scheduling and Token Pruning Approach for VLA Model Acceleration,02_Papers/01_VLA/SP-VLA.md,Cited By,https://arxiv.org/html/2506.12723#bib.bib36 (arXiv full-text bibliography item 36),2026-09-23
SP-VLA: A Joint Model Scheduling and Token Pruning Approach for VLA Model Acceleration,02_Papers/01_VLA/SP-VLA.md,OpenVLA: An Open-Source Vision-Language-Action Model,02_Papers/01_VLA/OpenVLA.md,References,https://arxiv.org/html/2506.12723#bib.bib10 (arXiv full-text bibliography item 10),2026-09-23
OpenVLA: An Open-Source Vision-Language-Action Model,02_Papers/01_VLA/OpenVLA.md,SP-VLA: A Joint Model Scheduling and Token Pruning Approach for VLA Model Acceleration,02_Papers/01_VLA/SP-VLA.md,Cited By,https://arxiv.org/html/2506.12723#bib.bib10 (arXiv full-text bibliography item 10),2026-09-23
SP-VLA: A Joint Model Scheduling and Token Pruning Approach for VLA Model Acceleration,02_Papers/01_VLA/SP-VLA.md,RDT-1B: a Diffusion Foundation Model for Bimanual Manipulation,02_Papers/03_Bimanual/RDT-1B.md,References,https://arxiv.org/html/2506.12723#bib.bib20 (arXiv full-text bibliography item 20),2026-09-23
RDT-1B: a Diffusion Foundation Model for Bimanual Manipulation,02_Papers/03_Bimanual/RDT-1B.md,SP-VLA: A Joint Model Scheduling and Token Pruning Approach for VLA Model Acceleration,02_Papers/01_VLA/SP-VLA.md,Cited By,https://arxiv.org/html/2506.12723#bib.bib20 (arXiv full-text bibliography item 20),2026-09-23
SP-VLA: A Joint Model Scheduling and Token Pruning Approach for VLA Model Acceleration,02_Papers/01_VLA/SP-VLA.md,Open X-Embodiment: Robotic Learning Datasets and RT-X Models,02_Papers/10_Benchmark_Dataset/Open_X-Embodiment.md,References,https://arxiv.org/html/2506.12723#bib.bib25 (arXiv full-text bibliography item 25),2026-09-23
Open X-Embodiment: Robotic Learning Datasets and RT-X Models,02_Papers/10_Benchmark_Dataset/Open_X-Embodiment.md,SP-VLA: A Joint Model Scheduling and Token Pruning Approach for VLA Model Acceleration,02_Papers/01_VLA/SP-VLA.md,Cited By,https://arxiv.org/html/2506.12723#bib.bib25 (arXiv full-text bibliography item 25),2026-09-23
SimpleVLA-RL: Scaling VLA Training via Reinforcement Learning,02_Papers/01_VLA/SimpleVLA-RL.md,Octo: An Open-Source Generalist Robot Policy,02_Papers/01_VLA/Octo.md,References,https://arxiv.org/html/2509.09674#bib.bib46 (arXiv full-text bibliography item 46),2026-09-23
Octo: An Open-Source Generalist Robot Policy,02_Papers/01_VLA/Octo.md,SimpleVLA-RL: Scaling VLA Training via Reinforcement Learning,02_Papers/01_VLA/SimpleVLA-RL.md,Cited By,https://arxiv.org/html/2509.09674#bib.bib46 (arXiv full-text bibliography item 46),2026-09-23
SimpleVLA-RL: Scaling VLA Training via Reinforcement Learning,02_Papers/01_VLA/SimpleVLA-RL.md,OpenVLA: An Open-Source Vision-Language-Action Model,02_Papers/01_VLA/OpenVLA.md,References,https://arxiv.org/html/2509.09674#bib.bib2 (arXiv full-text bibliography item 2),2026-09-23
OpenVLA: An Open-Source Vision-Language-Action Model,02_Papers/01_VLA/OpenVLA.md,SimpleVLA-RL: Scaling VLA Training via Reinforcement Learning,02_Papers/01_VLA/SimpleVLA-RL.md,Cited By,https://arxiv.org/html/2509.09674#bib.bib2 (arXiv full-text bibliography item 2),2026-09-23
SimpleVLA-RL: Scaling VLA Training via Reinforcement Learning,02_Papers/01_VLA/SimpleVLA-RL.md,RDT-1B: a Diffusion Foundation Model for Bimanual Manipulation,02_Papers/03_Bimanual/RDT-1B.md,References,https://arxiv.org/html/2509.09674#bib.bib23 (arXiv full-text bibliography item 23),2026-09-23
RDT-1B: a Diffusion Foundation Model for Bimanual Manipulation,02_Papers/03_Bimanual/RDT-1B.md,SimpleVLA-RL: Scaling VLA Training via Reinforcement Learning,02_Papers/01_VLA/SimpleVLA-RL.md,Cited By,https://arxiv.org/html/2509.09674#bib.bib23 (arXiv full-text bibliography item 23),2026-09-23
SimpleVLA-RL: Scaling VLA Training via Reinforcement Learning,02_Papers/01_VLA/SimpleVLA-RL.md,A Survey on Vision-Language-Action Models: An Action Tokenization Perspective,02_Papers/09_Survey_Review/A_Survey_on_Vision-Language-Action_Models_An_Action_Tokenization_Perspective.md,References,https://arxiv.org/html/2509.09674#bib.bib3 (arXiv full-text bibliography item 3),2026-09-23
A Survey on Vision-Language-Action Models: An Action Tokenization Perspective,02_Papers/09_Survey_Review/A_Survey_on_Vision-Language-Action_Models_An_Action_Tokenization_Perspective.md,SimpleVLA-RL: Scaling VLA Training via Reinforcement Learning,02_Papers/01_VLA/SimpleVLA-RL.md,Cited By,https://arxiv.org/html/2509.09674#bib.bib3 (arXiv full-text bibliography item 3),2026-09-23
SimpleVLA-RL: Scaling VLA Training via Reinforcement Learning,02_Papers/01_VLA/SimpleVLA-RL.md,Open X-Embodiment: Robotic Learning Datasets and RT-X Models,02_Papers/10_Benchmark_Dataset/Open_X-Embodiment.md,References,https://arxiv.org/html/2509.09674#bib.bib5 (arXiv full-text bibliography item 5),2026-09-23
Open X-Embodiment: Robotic Learning Datasets and RT-X Models,02_Papers/10_Benchmark_Dataset/Open_X-Embodiment.md,SimpleVLA-RL: Scaling VLA Training via Reinforcement Learning,02_Papers/01_VLA/SimpleVLA-RL.md,Cited By,https://arxiv.org/html/2509.09674#bib.bib5 (arXiv full-text bibliography item 5),2026-09-23
SimpleVLA-RL: Scaling VLA Training via Reinforcement Learning,02_Papers/01_VLA/SimpleVLA-RL.md,RoboTwin: Dual-Arm Robot Benchmark with Generative Digital Twins,02_Papers/10_Benchmark_Dataset/RoboTwin.md,References,https://arxiv.org/html/2509.09674#bib.bib40 (arXiv full-text bibliography item 40),2026-09-23
RoboTwin: Dual-Arm Robot Benchmark with Generative Digital Twins,02_Papers/10_Benchmark_Dataset/RoboTwin.md,SimpleVLA-RL: Scaling VLA Training via Reinforcement Learning,02_Papers/01_VLA/SimpleVLA-RL.md,Cited By,https://arxiv.org/html/2509.09674#bib.bib40 (arXiv full-text bibliography item 40),2026-09-23
SpatialVLA: Exploring Spatial Representations for Visual-Language-Action Models,02_Papers/01_VLA/SpatialVLA.md,3D-VLA: A 3D Vision-Language-Action Generative World Model,02_Papers/01_VLA/3D-VLA.md,References,https://arxiv.org/html/2501.15830#bib.bib69 (arXiv full-text bibliography item 69),2026-09-23
3D-VLA: A 3D Vision-Language-Action Generative World Model,02_Papers/01_VLA/3D-VLA.md,SpatialVLA: Exploring Spatial Representations for Visual-Language-Action Models,02_Papers/01_VLA/SpatialVLA.md,Cited By,https://arxiv.org/html/2501.15830#bib.bib69 (arXiv full-text bibliography item 69),2026-09-23
SpatialVLA: Exploring Spatial Representations for Visual-Language-Action Models,02_Papers/01_VLA/SpatialVLA.md,Octo: An Open-Source Generalist Robot Policy,02_Papers/01_VLA/Octo.md,References,https://arxiv.org/html/2501.15830#bib.bib48 (arXiv full-text bibliography item 48),2026-09-23
Octo: An Open-Source Generalist Robot Policy,02_Papers/01_VLA/Octo.md,SpatialVLA: Exploring Spatial Representations for Visual-Language-Action Models,02_Papers/01_VLA/SpatialVLA.md,Cited By,https://arxiv.org/html/2501.15830#bib.bib48 (arXiv full-text bibliography item 48),2026-09-23
SpatialVLA: Exploring Spatial Representations for Visual-Language-Action Models,02_Papers/01_VLA/SpatialVLA.md,OpenVLA: An Open-Source Vision-Language-Action Model,02_Papers/01_VLA/OpenVLA.md,References,https://arxiv.org/html/2501.15830#bib.bib30 (arXiv full-text bibliography item 30),2026-09-23
OpenVLA: An Open-Source Vision-Language-Action Model,02_Papers/01_VLA/OpenVLA.md,SpatialVLA: Exploring Spatial Representations for Visual-Language-Action Models,02_Papers/01_VLA/SpatialVLA.md,Cited By,https://arxiv.org/html/2501.15830#bib.bib30 (arXiv full-text bibliography item 30),2026-09-23
SpatialVLA: Exploring Spatial Representations for Visual-Language-Action Models,02_Papers/01_VLA/SpatialVLA.md,TraceVLA: Visual Trace Prompting Enhances Spatial-Temporal Awareness for Generalist Robotic Policies,02_Papers/01_VLA/TraceVLA.md,References,https://arxiv.org/html/2501.15830#bib.bib71 (arXiv full-text bibliography item 71),2026-09-23
TraceVLA: Visual Trace Prompting Enhances Spatial-Temporal Awareness for Generalist Robotic Policies,02_Papers/01_VLA/TraceVLA.md,SpatialVLA: Exploring Spatial Representations for Visual-Language-Action Models,02_Papers/01_VLA/SpatialVLA.md,Cited By,https://arxiv.org/html/2501.15830#bib.bib71 (arXiv full-text bibliography item 71),2026-09-23
SpatialVLA: Exploring Spatial Representations for Visual-Language-Action Models,02_Papers/01_VLA/SpatialVLA.md,RDT-1B: a Diffusion Foundation Model for Bimanual Manipulation,02_Papers/03_Bimanual/RDT-1B.md,References,https://arxiv.org/html/2501.15830#bib.bib39 (arXiv full-text bibliography item 39),2026-09-23
RDT-1B: a Diffusion Foundation Model for Bimanual Manipulation,02_Papers/03_Bimanual/RDT-1B.md,SpatialVLA: Exploring Spatial Representations for Visual-Language-Action Models,02_Papers/01_VLA/SpatialVLA.md,Cited By,https://arxiv.org/html/2501.15830#bib.bib39 (arXiv full-text bibliography item 39),2026-09-23
SpatialVLA: Exploring Spatial Representations for Visual-Language-Action Models,02_Papers/01_VLA/SpatialVLA.md,BAKU: An Efficient Transformer for Multi-Task Policy Learning,02_Papers/06_Diffusion_Flow_IL_RL/BAKU.md,References,https://arxiv.org/html/2501.15830#bib.bib22 (arXiv full-text bibliography item 22),2026-09-23
BAKU: An Efficient Transformer for Multi-Task Policy Learning,02_Papers/06_Diffusion_Flow_IL_RL/BAKU.md,SpatialVLA: Exploring Spatial Representations for Visual-Language-Action Models,02_Papers/01_VLA/SpatialVLA.md,Cited By,https://arxiv.org/html/2501.15830#bib.bib22 (arXiv full-text bibliography item 22),2026-09-23
SpatialVLA: Exploring Spatial Representations for Visual-Language-Action Models,02_Papers/01_VLA/SpatialVLA.md,DROID: A Large-Scale In-The-Wild Robot Manipulation Dataset,02_Papers/10_Benchmark_Dataset/DROID.md,References,https://arxiv.org/html/2501.15830#bib.bib29 (arXiv full-text bibliography item 29),2026-09-23
DROID: A Large-Scale In-The-Wild Robot Manipulation Dataset,02_Papers/10_Benchmark_Dataset/DROID.md,SpatialVLA: Exploring Spatial Representations for Visual-Language-Action Models,02_Papers/01_VLA/SpatialVLA.md,Cited By,https://arxiv.org/html/2501.15830#bib.bib29 (arXiv full-text bibliography item 29),2026-09-23
SpatialVLA: Exploring Spatial Representations for Visual-Language-Action Models,02_Papers/01_VLA/SpatialVLA.md,Open X-Embodiment: Robotic Learning Datasets and RT-X Models,02_Papers/10_Benchmark_Dataset/Open_X-Embodiment.md,References,https://arxiv.org/html/2501.15830#bib.bib13 (arXiv full-text bibliography item 13),2026-09-23
Open X-Embodiment: Robotic Learning Datasets and RT-X Models,02_Papers/10_Benchmark_Dataset/Open_X-Embodiment.md,SpatialVLA: Exploring Spatial Representations for Visual-Language-Action Models,02_Papers/01_VLA/SpatialVLA.md,Cited By,https://arxiv.org/html/2501.15830#bib.bib13 (arXiv full-text bibliography item 13),2026-09-23
TraceVLA: Visual Trace Prompting Enhances Spatial-Temporal Awareness for Generalist Robotic Policies,02_Papers/01_VLA/TraceVLA.md,Octo: An Open-Source Generalist Robot Policy,02_Papers/01_VLA/Octo.md,References,https://arxiv.org/html/2412.10345#bib.bib35 (arXiv full-text bibliography item 35),2026-09-23
Octo: An Open-Source Generalist Robot Policy,02_Papers/01_VLA/Octo.md,TraceVLA: Visual Trace Prompting Enhances Spatial-Temporal Awareness for Generalist Robotic Policies,02_Papers/01_VLA/TraceVLA.md,Cited By,https://arxiv.org/html/2412.10345#bib.bib35 (arXiv full-text bibliography item 35),2026-09-23
TraceVLA: Visual Trace Prompting Enhances Spatial-Temporal Awareness for Generalist Robotic Policies,02_Papers/01_VLA/TraceVLA.md,OpenVLA: An Open-Source Vision-Language-Action Model,02_Papers/01_VLA/OpenVLA.md,References,https://arxiv.org/html/2412.10345#bib.bib25 (arXiv full-text bibliography item 25),2026-09-23
OpenVLA: An Open-Source Vision-Language-Action Model,02_Papers/01_VLA/OpenVLA.md,TraceVLA: Visual Trace Prompting Enhances Spatial-Temporal Awareness for Generalist Robotic Policies,02_Papers/01_VLA/TraceVLA.md,Cited By,https://arxiv.org/html/2412.10345#bib.bib25 (arXiv full-text bibliography item 25),2026-09-23
TraceVLA: Visual Trace Prompting Enhances Spatial-Temporal Awareness for Generalist Robotic Policies,02_Papers/01_VLA/TraceVLA.md,DROID: A Large-Scale In-The-Wild Robot Manipulation Dataset,02_Papers/10_Benchmark_Dataset/DROID.md,References,https://arxiv.org/html/2412.10345#bib.bib24 (arXiv full-text bibliography item 24),2026-09-23
DROID: A Large-Scale In-The-Wild Robot Manipulation Dataset,02_Papers/10_Benchmark_Dataset/DROID.md,TraceVLA: Visual Trace Prompting Enhances Spatial-Temporal Awareness for Generalist Robotic Policies,02_Papers/01_VLA/TraceVLA.md,Cited By,https://arxiv.org/html/2412.10345#bib.bib24 (arXiv full-text bibliography item 24),2026-09-23
TraceVLA: Visual Trace Prompting Enhances Spatial-Temporal Awareness for Generalist Robotic Policies,02_Papers/01_VLA/TraceVLA.md,Open X-Embodiment: Robotic Learning Datasets and RT-X Models,02_Papers/10_Benchmark_Dataset/Open_X-Embodiment.md,References,https://arxiv.org/html/2412.10345#bib.bib8 (arXiv full-text bibliography item 8),2026-09-23
Open X-Embodiment: Robotic Learning Datasets and RT-X Models,02_Papers/10_Benchmark_Dataset/Open_X-Embodiment.md,TraceVLA: Visual Trace Prompting Enhances Spatial-Temporal Awareness for Generalist Robotic Policies,02_Papers/01_VLA/TraceVLA.md,Cited By,https://arxiv.org/html/2412.10345#bib.bib8 (arXiv full-text bibliography item 8),2026-09-23
VLA-Cache: Efficient Vision-Language-Action Manipulation via Adaptive Token Caching,02_Papers/01_VLA/VLA-Cache.md,Octo: An Open-Source Generalist Robot Policy,02_Papers/01_VLA/Octo.md,References,https://arxiv.org/html/2502.02175#bib.bib9 (arXiv full-text bibliography item 9),2026-09-23
Octo: An Open-Source Generalist Robot Policy,02_Papers/01_VLA/Octo.md,VLA-Cache: Efficient Vision-Language-Action Manipulation via Adaptive Token Caching,02_Papers/01_VLA/VLA-Cache.md,Cited By,https://arxiv.org/html/2502.02175#bib.bib9 (arXiv full-text bibliography item 9),2026-09-23
VLA-Cache: Efficient Vision-Language-Action Manipulation via Adaptive Token Caching,02_Papers/01_VLA/VLA-Cache.md,OpenVLA: An Open-Source Vision-Language-Action Model,02_Papers/01_VLA/OpenVLA.md,References,https://arxiv.org/html/2502.02175#bib.bib11 (arXiv full-text bibliography item 11),2026-09-23
OpenVLA: An Open-Source Vision-Language-Action Model,02_Papers/01_VLA/OpenVLA.md,VLA-Cache: Efficient Vision-Language-Action Manipulation via Adaptive Token Caching,02_Papers/01_VLA/VLA-Cache.md,Cited By,https://arxiv.org/html/2502.02175#bib.bib11 (arXiv full-text bibliography item 11),2026-09-23
VLA-Cache: Efficient Vision-Language-Action Manipulation via Adaptive Token Caching,02_Papers/01_VLA/VLA-Cache.md,Open X-Embodiment: Robotic Learning Datasets and RT-X Models,02_Papers/10_Benchmark_Dataset/Open_X-Embodiment.md,References,https://arxiv.org/html/2502.02175#bib.bib6 (arXiv full-text bibliography item 6),2026-09-23
Open X-Embodiment: Robotic Learning Datasets and RT-X Models,02_Papers/10_Benchmark_Dataset/Open_X-Embodiment.md,VLA-Cache: Efficient Vision-Language-Action Manipulation via Adaptive Token Caching,02_Papers/01_VLA/VLA-Cache.md,Cited By,https://arxiv.org/html/2502.02175#bib.bib6 (arXiv full-text bibliography item 6),2026-09-23
VideoVLA: Video Generators Can Be Generalizable Robot Manipulators,02_Papers/01_VLA/VideoVLA.md,Octo: An Open-Source Generalist Robot Policy,02_Papers/01_VLA/Octo.md,References,https://arxiv.org/html/2512.06963#bib.bib1 (arXiv full-text bibliography item 1),2026-09-23
Octo: An Open-Source Generalist Robot Policy,02_Papers/01_VLA/Octo.md,VideoVLA: Video Generators Can Be Generalizable Robot Manipulators,02_Papers/01_VLA/VideoVLA.md,Cited By,https://arxiv.org/html/2512.06963#bib.bib1 (arXiv full-text bibliography item 1),2026-09-23
VideoVLA: Video Generators Can Be Generalizable Robot Manipulators,02_Papers/01_VLA/VideoVLA.md,OpenVLA: An Open-Source Vision-Language-Action Model,02_Papers/01_VLA/OpenVLA.md,References,https://arxiv.org/html/2512.06963#bib.bib3 (arXiv full-text bibliography item 3),2026-09-23
OpenVLA: An Open-Source Vision-Language-Action Model,02_Papers/01_VLA/OpenVLA.md,VideoVLA: Video Generators Can Be Generalizable Robot Manipulators,02_Papers/01_VLA/VideoVLA.md,Cited By,https://arxiv.org/html/2512.06963#bib.bib3 (arXiv full-text bibliography item 3),2026-09-23
VideoVLA: Video Generators Can Be Generalizable Robot Manipulators,02_Papers/01_VLA/VideoVLA.md,VidMan: Exploiting Implicit Dynamics from Video Diffusion Model for Effective Robot Manipulation,02_Papers/02_Robot_Manipulation/VidMan.md,References,https://arxiv.org/html/2512.06963#bib.bib53 (arXiv full-text bibliography item 53),2026-09-23
VidMan: Exploiting Implicit Dynamics from Video Diffusion Model for Effective Robot Manipulation,02_Papers/02_Robot_Manipulation/VidMan.md,VideoVLA: Video Generators Can Be Generalizable Robot Manipulators,02_Papers/01_VLA/VideoVLA.md,Cited By,https://arxiv.org/html/2512.06963#bib.bib53 (arXiv full-text bibliography item 53),2026-09-23
VideoVLA: Video Generators Can Be Generalizable Robot Manipulators,02_Papers/01_VLA/VideoVLA.md,RDT-1B: a Diffusion Foundation Model for Bimanual Manipulation,02_Papers/03_Bimanual/RDT-1B.md,References,https://arxiv.org/html/2512.06963#bib.bib7 (arXiv full-text bibliography item 7),2026-09-23
RDT-1B: a Diffusion Foundation Model for Bimanual Manipulation,02_Papers/03_Bimanual/RDT-1B.md,VideoVLA: Video Generators Can Be Generalizable Robot Manipulators,02_Papers/01_VLA/VideoVLA.md,Cited By,https://arxiv.org/html/2512.06963#bib.bib7 (arXiv full-text bibliography item 7),2026-09-23
VideoVLA: Video Generators Can Be Generalizable Robot Manipulators,02_Papers/01_VLA/VideoVLA.md,TASTE-Rob: Advancing Video Generation of Task-Oriented Hand-Object Interaction for Generalizable Robotic Manipulation,02_Papers/07_Generalization_LongHorizon/TASTE-Rob.md,References,https://arxiv.org/html/2512.06963#bib.bib52 (arXiv full-text bibliography item 52),2026-09-23
TASTE-Rob: Advancing Video Generation of Task-Oriented Hand-Object Interaction for Generalizable Robotic Manipulation,02_Papers/07_Generalization_LongHorizon/TASTE-Rob.md,VideoVLA: Video Generators Can Be Generalizable Robot Manipulators,02_Papers/01_VLA/VideoVLA.md,Cited By,https://arxiv.org/html/2512.06963#bib.bib52 (arXiv full-text bibliography item 52),2026-09-23
VideoVLA: Video Generators Can Be Generalizable Robot Manipulators,02_Papers/01_VLA/VideoVLA.md,Open X-Embodiment: Robotic Learning Datasets and RT-X Models,02_Papers/10_Benchmark_Dataset/Open_X-Embodiment.md,References,https://arxiv.org/html/2512.06963#bib.bib2 (arXiv full-text bibliography item 2),2026-09-23
Open X-Embodiment: Robotic Learning Datasets and RT-X Models,02_Papers/10_Benchmark_Dataset/Open_X-Embodiment.md,VideoVLA: Video Generators Can Be Generalizable Robot Manipulators,02_Papers/01_VLA/VideoVLA.md,Cited By,https://arxiv.org/html/2512.06963#bib.bib2 (arXiv full-text bibliography item 2),2026-09-23
Dreamitate: Real-World Visuomotor Policy Learning via Video Generation,02_Papers/02_Robot_Manipulation/Dreamitate.md,DROID: A Large-Scale In-The-Wild Robot Manipulation Dataset,02_Papers/10_Benchmark_Dataset/DROID.md,References,https://arxiv.org/html/2406.16862#bib.bib1 (arXiv full-text bibliography item 1),2026-09-23
DROID: A Large-Scale In-The-Wild Robot Manipulation Dataset,02_Papers/10_Benchmark_Dataset/DROID.md,Dreamitate: Real-World Visuomotor Policy Learning via Video Generation,02_Papers/02_Robot_Manipulation/Dreamitate.md,Cited By,https://arxiv.org/html/2406.16862#bib.bib1 (arXiv full-text bibliography item 1),2026-09-23
RobotSmith: Generative Robotic Tool Design for Acquisition of Complex Manipulation Skills,02_Papers/02_Robot_Manipulation/RobotSmith.md,ManipLLM: Embodied Multimodal Large Language Model for Object-Centric Robotic Manipulation,02_Papers/02_Robot_Manipulation/ManipLLM.md,References,https://arxiv.org/html/2506.14763#bib.bib27 (arXiv full-text bibliography item 27),2026-09-23
ManipLLM: Embodied Multimodal Large Language Model for Object-Centric Robotic Manipulation,02_Papers/02_Robot_Manipulation/ManipLLM.md,RobotSmith: Generative Robotic Tool Design for Acquisition of Complex Manipulation Skills,02_Papers/02_Robot_Manipulation/RobotSmith.md,Cited By,https://arxiv.org/html/2506.14763#bib.bib27 (arXiv full-text bibliography item 27),2026-09-23
VidMan: Exploiting Implicit Dynamics from Video Diffusion Model for Effective Robot Manipulation,02_Papers/02_Robot_Manipulation/VidMan.md,Octo: An Open-Source Generalist Robot Policy,02_Papers/01_VLA/Octo.md,References,https://arxiv.org/html/2411.09153#bib.bib7 (arXiv full-text bibliography item 7),2026-09-23
Octo: An Open-Source Generalist Robot Policy,02_Papers/01_VLA/Octo.md,VidMan: Exploiting Implicit Dynamics from Video Diffusion Model for Effective Robot Manipulation,02_Papers/02_Robot_Manipulation/VidMan.md,Cited By,https://arxiv.org/html/2411.09153#bib.bib7 (arXiv full-text bibliography item 7),2026-09-23
VidMan: Exploiting Implicit Dynamics from Video Diffusion Model for Effective Robot Manipulation,02_Papers/02_Robot_Manipulation/VidMan.md,3D Diffuser Actor: Policy Diffusion with 3D Scene Representations,02_Papers/06_Diffusion_Flow_IL_RL/3D_Diffuser_Actor.md,References,https://arxiv.org/html/2411.09153#bib.bib35 (arXiv full-text bibliography item 35),2026-09-23
3D Diffuser Actor: Policy Diffusion with 3D Scene Representations,02_Papers/06_Diffusion_Flow_IL_RL/3D_Diffuser_Actor.md,VidMan: Exploiting Implicit Dynamics from Video Diffusion Model for Effective Robot Manipulation,02_Papers/02_Robot_Manipulation/VidMan.md,Cited By,https://arxiv.org/html/2411.09153#bib.bib35 (arXiv full-text bibliography item 35),2026-09-23
VidMan: Exploiting Implicit Dynamics from Video Diffusion Model for Effective Robot Manipulation,02_Papers/02_Robot_Manipulation/VidMan.md,DROID: A Large-Scale In-The-Wild Robot Manipulation Dataset,02_Papers/10_Benchmark_Dataset/DROID.md,References,https://arxiv.org/html/2411.09153#bib.bib6 (arXiv full-text bibliography item 6),2026-09-23
DROID: A Large-Scale In-The-Wild Robot Manipulation Dataset,02_Papers/10_Benchmark_Dataset/DROID.md,VidMan: Exploiting Implicit Dynamics from Video Diffusion Model for Effective Robot Manipulation,02_Papers/02_Robot_Manipulation/VidMan.md,Cited By,https://arxiv.org/html/2411.09153#bib.bib6 (arXiv full-text bibliography item 6),2026-09-23
VidMan: Exploiting Implicit Dynamics from Video Diffusion Model for Effective Robot Manipulation,02_Papers/02_Robot_Manipulation/VidMan.md,Open X-Embodiment: Robotic Learning Datasets and RT-X Models,02_Papers/10_Benchmark_Dataset/Open_X-Embodiment.md,References,https://arxiv.org/html/2411.09153#bib.bib8 (arXiv full-text bibliography item 8),2026-09-23
Open X-Embodiment: Robotic Learning Datasets and RT-X Models,02_Papers/10_Benchmark_Dataset/Open_X-Embodiment.md,VidMan: Exploiting Implicit Dynamics from Video Diffusion Model for Effective Robot Manipulation,02_Papers/02_Robot_Manipulation/VidMan.md,Cited By,https://arxiv.org/html/2411.09153#bib.bib8 (arXiv full-text bibliography item 8),2026-09-23
ALOHA Unleashed: A Simple Recipe for Robot Dexterity,02_Papers/03_Bimanual/ALOHA_Unleashed.md,DexCap: Scalable and Portable Mocap Data Collection System for Dexterous Manipulation,02_Papers/08_Data_Teleoperation/DexCap.md,References,https://arxiv.org/html/2410.13126#bib.bib44 (arXiv full-text bibliography item 44),2026-09-23
DexCap: Scalable and Portable Mocap Data Collection System for Dexterous Manipulation,02_Papers/08_Data_Teleoperation/DexCap.md,ALOHA Unleashed: A Simple Recipe for Robot Dexterity,02_Papers/03_Bimanual/ALOHA_Unleashed.md,Cited By,https://arxiv.org/html/2410.13126#bib.bib44 (arXiv full-text bibliography item 44),2026-09-23
ALOHA Unleashed: A Simple Recipe for Robot Dexterity,02_Papers/03_Bimanual/ALOHA_Unleashed.md,DROID: A Large-Scale In-The-Wild Robot Manipulation Dataset,02_Papers/10_Benchmark_Dataset/DROID.md,References,https://arxiv.org/html/2410.13126#bib.bib36 (arXiv full-text bibliography item 36),2026-09-23
DROID: A Large-Scale In-The-Wild Robot Manipulation Dataset,02_Papers/10_Benchmark_Dataset/DROID.md,ALOHA Unleashed: A Simple Recipe for Robot Dexterity,02_Papers/03_Bimanual/ALOHA_Unleashed.md,Cited By,https://arxiv.org/html/2410.13126#bib.bib36 (arXiv full-text bibliography item 36),2026-09-23
ALOHA Unleashed: A Simple Recipe for Robot Dexterity,02_Papers/03_Bimanual/ALOHA_Unleashed.md,Open X-Embodiment: Robotic Learning Datasets and RT-X Models,02_Papers/10_Benchmark_Dataset/Open_X-Embodiment.md,References,https://arxiv.org/html/2410.13126#bib.bib45 (arXiv full-text bibliography item 45),2026-09-23
Open X-Embodiment: Robotic Learning Datasets and RT-X Models,02_Papers/10_Benchmark_Dataset/Open_X-Embodiment.md,ALOHA Unleashed: A Simple Recipe for Robot Dexterity,02_Papers/03_Bimanual/ALOHA_Unleashed.md,Cited By,https://arxiv.org/html/2410.13126#bib.bib45 (arXiv full-text bibliography item 45),2026-09-23
AnyBimanual: Transferring Unimanual Policy for General Bimanual Manipulation,02_Papers/03_Bimanual/AnyBimanual.md,Octo: An Open-Source Generalist Robot Policy,02_Papers/01_VLA/Octo.md,References,https://arxiv.org/html/2412.06779#bib.bib51 (arXiv full-text bibliography item 51),2026-09-23
Octo: An Open-Source Generalist Robot Policy,02_Papers/01_VLA/Octo.md,AnyBimanual: Transferring Unimanual Policy for General Bimanual Manipulation,02_Papers/03_Bimanual/AnyBimanual.md,Cited By,https://arxiv.org/html/2412.06779#bib.bib51 (arXiv full-text bibliography item 51),2026-09-23
AnyBimanual: Transferring Unimanual Policy for General Bimanual Manipulation,02_Papers/03_Bimanual/AnyBimanual.md,OpenVLA: An Open-Source Vision-Language-Action Model,02_Papers/01_VLA/OpenVLA.md,References,https://arxiv.org/html/2412.06779#bib.bib41 (arXiv full-text bibliography item 41),2026-09-23
OpenVLA: An Open-Source Vision-Language-Action Model,02_Papers/01_VLA/OpenVLA.md,AnyBimanual: Transferring Unimanual Policy for General Bimanual Manipulation,02_Papers/03_Bimanual/AnyBimanual.md,Cited By,https://arxiv.org/html/2412.06779#bib.bib41 (arXiv full-text bibliography item 41),2026-09-23
AnyBimanual: Transferring Unimanual Policy for General Bimanual Manipulation,02_Papers/03_Bimanual/AnyBimanual.md,RDT-1B: a Diffusion Foundation Model for Bimanual Manipulation,02_Papers/03_Bimanual/RDT-1B.md,References,https://arxiv.org/html/2412.06779#bib.bib46 (arXiv full-text bibliography item 46),2026-09-23
RDT-1B: a Diffusion Foundation Model for Bimanual Manipulation,02_Papers/03_Bimanual/RDT-1B.md,AnyBimanual: Transferring Unimanual Policy for General Bimanual Manipulation,02_Papers/03_Bimanual/AnyBimanual.md,Cited By,https://arxiv.org/html/2412.06779#bib.bib46 (arXiv full-text bibliography item 46),2026-09-23
AnyBimanual: Transferring Unimanual Policy for General Bimanual Manipulation,02_Papers/03_Bimanual/AnyBimanual.md,VoxAct-B: Voxel-Based Acting and Stabilizing Policy for Bimanual Manipulation,02_Papers/03_Bimanual/VoxAct-B.md,References,https://arxiv.org/html/2412.06779#bib.bib45 (arXiv full-text bibliography item 45),2026-09-23
VoxAct-B: Voxel-Based Acting and Stabilizing Policy for Bimanual Manipulation,02_Papers/03_Bimanual/VoxAct-B.md,AnyBimanual: Transferring Unimanual Policy for General Bimanual Manipulation,02_Papers/03_Bimanual/AnyBimanual.md,Cited By,https://arxiv.org/html/2412.06779#bib.bib45 (arXiv full-text bibliography item 45),2026-09-23
AnyBimanual: Transferring Unimanual Policy for General Bimanual Manipulation,02_Papers/03_Bimanual/AnyBimanual.md,3D Diffuser Actor: Policy Diffusion with 3D Scene Representations,02_Papers/06_Diffusion_Flow_IL_RL/3D_Diffuser_Actor.md,References,https://arxiv.org/html/2412.06779#bib.bib39 (arXiv full-text bibliography item 39),2026-09-23
3D Diffuser Actor: Policy Diffusion with 3D Scene Representations,02_Papers/06_Diffusion_Flow_IL_RL/3D_Diffuser_Actor.md,AnyBimanual: Transferring Unimanual Policy for General Bimanual Manipulation,02_Papers/03_Bimanual/AnyBimanual.md,Cited By,https://arxiv.org/html/2412.06779#bib.bib39 (arXiv full-text bibliography item 39),2026-09-23
AnyBimanual: Transferring Unimanual Policy for General Bimanual Manipulation,02_Papers/03_Bimanual/AnyBimanual.md,DexCap: Scalable and Portable Mocap Data Collection System for Dexterous Manipulation,02_Papers/08_Data_Teleoperation/DexCap.md,References,https://arxiv.org/html/2412.06779#bib.bib56 (arXiv full-text bibliography item 56),2026-09-23
DexCap: Scalable and Portable Mocap Data Collection System for Dexterous Manipulation,02_Papers/08_Data_Teleoperation/DexCap.md,AnyBimanual: Transferring Unimanual Policy for General Bimanual Manipulation,02_Papers/03_Bimanual/AnyBimanual.md,Cited By,https://arxiv.org/html/2412.06779#bib.bib56 (arXiv full-text bibliography item 56),2026-09-23
AnyBimanual: Transferring Unimanual Policy for General Bimanual Manipulation,02_Papers/03_Bimanual/AnyBimanual.md,DROID: A Large-Scale In-The-Wild Robot Manipulation Dataset,02_Papers/10_Benchmark_Dataset/DROID.md,References,https://arxiv.org/html/2412.06779#bib.bib40 (arXiv full-text bibliography item 40),2026-09-23
DROID: A Large-Scale In-The-Wild Robot Manipulation Dataset,02_Papers/10_Benchmark_Dataset/DROID.md,AnyBimanual: Transferring Unimanual Policy for General Bimanual Manipulation,02_Papers/03_Bimanual/AnyBimanual.md,Cited By,https://arxiv.org/html/2412.06779#bib.bib40 (arXiv full-text bibliography item 40),2026-09-23
AnyBimanual: Transferring Unimanual Policy for General Bimanual Manipulation,02_Papers/03_Bimanual/AnyBimanual.md,Open X-Embodiment: Robotic Learning Datasets and RT-X Models,02_Papers/10_Benchmark_Dataset/Open_X-Embodiment.md,References,https://arxiv.org/html/2412.06779#bib.bib17 (arXiv full-text bibliography item 17),2026-09-23
Open X-Embodiment: Robotic Learning Datasets and RT-X Models,02_Papers/10_Benchmark_Dataset/Open_X-Embodiment.md,AnyBimanual: Transferring Unimanual Policy for General Bimanual Manipulation,02_Papers/03_Bimanual/AnyBimanual.md,Cited By,https://arxiv.org/html/2412.06779#bib.bib17 (arXiv full-text bibliography item 17),2026-09-23
BimArt: A Unified Approach for the Synthesis of 3D Bimanual Interaction with Articulated Objects,02_Papers/03_Bimanual/BimArt.md,TACO: Benchmarking Generalizable Bimanual Tool-ACtion-Object Understanding,02_Papers/10_Benchmark_Dataset/TACO.md,References,https://arxiv.org/html/2412.05066#bib.bib41 (arXiv full-text bibliography item 41),2026-09-23
TACO: Benchmarking Generalizable Bimanual Tool-ACtion-Object Understanding,02_Papers/10_Benchmark_Dataset/TACO.md,BimArt: A Unified Approach for the Synthesis of 3D Bimanual Interaction with Articulated Objects,02_Papers/03_Bimanual/BimArt.md,Cited By,https://arxiv.org/html/2412.05066#bib.bib41 (arXiv full-text bibliography item 41),2026-09-23
COMBO-Grasp: Learning Constraint-Based Manipulation for Bimanual Occluded Grasping,02_Papers/03_Bimanual/COMBO-Grasp.md,ALOHA Unleashed: A Simple Recipe for Robot Dexterity,02_Papers/03_Bimanual/ALOHA_Unleashed.md,References,https://arxiv.org/html/2502.08054#bib.bib45 (arXiv full-text bibliography item 45),2026-09-23
ALOHA Unleashed: A Simple Recipe for Robot Dexterity,02_Papers/03_Bimanual/ALOHA_Unleashed.md,COMBO-Grasp: Learning Constraint-Based Manipulation for Bimanual Occluded Grasping,02_Papers/03_Bimanual/COMBO-Grasp.md,Cited By,https://arxiv.org/html/2502.08054#bib.bib45 (arXiv full-text bibliography item 45),2026-09-23
UniGraspTransformer: Simplified Policy Distillation for Scalable Dexterous Robotic Grasping,02_Papers/04_Dexterous/UniGraspTransformer.md,Survey of Learning-Based Approaches for Robotic In-Hand Manipulation,02_Papers/09_Survey_Review/Survey_of_Learning-Based_Approaches_for_Robotic_In-Hand_Manipulation.md,References,https://openalex.org/W4413145029 (OpenAlex referenced_works metadata),2026-09-23
Survey of Learning-Based Approaches for Robotic In-Hand Manipulation,02_Papers/09_Survey_Review/Survey_of_Learning-Based_Approaches_for_Robotic_In-Hand_Manipulation.md,UniGraspTransformer: Simplified Policy Distillation for Scalable Dexterous Robotic Grasping,02_Papers/04_Dexterous/UniGraspTransformer.md,Cited By,https://openalex.org/W4413145029 (OpenAlex referenced_works metadata),2026-09-23
A Survey of Embodied Learning for Object-Centric Robotic Manipulation,02_Papers/09_Survey_Review/A_Survey_of_Embodied_Learning_for_Object-Centric_Robotic_Manipulation.md,3D-VLA: A 3D Vision-Language-Action Generative World Model,02_Papers/01_VLA/3D-VLA.md,References,https://openalex.org/W4405426927 (OpenAlex referenced_works metadata),2026-09-23
3D-VLA: A 3D Vision-Language-Action Generative World Model,02_Papers/01_VLA/3D-VLA.md,A Survey of Embodied Learning for Object-Centric Robotic Manipulation,02_Papers/09_Survey_Review/A_Survey_of_Embodied_Learning_for_Object-Centric_Robotic_Manipulation.md,Cited By,https://openalex.org/W4405426927 (OpenAlex referenced_works metadata),2026-09-23
A Survey of Embodied Learning for Object-Centric Robotic Manipulation,02_Papers/09_Survey_Review/A_Survey_of_Embodied_Learning_for_Object-Centric_Robotic_Manipulation.md,ManipLLM: Embodied Multimodal Large Language Model for Object-Centric Robotic Manipulation,02_Papers/02_Robot_Manipulation/ManipLLM.md,References,https://openalex.org/W4405426927 (OpenAlex referenced_works metadata),2026-09-23
ManipLLM: Embodied Multimodal Large Language Model for Object-Centric Robotic Manipulation,02_Papers/02_Robot_Manipulation/ManipLLM.md,A Survey of Embodied Learning for Object-Centric Robotic Manipulation,02_Papers/09_Survey_Review/A_Survey_of_Embodied_Learning_for_Object-Centric_Robotic_Manipulation.md,Cited By,https://openalex.org/W4405426927 (OpenAlex referenced_works metadata),2026-09-23
A Survey of Embodied Learning for Object-Centric Robotic Manipulation,02_Papers/09_Survey_Review/A_Survey_of_Embodied_Learning_for_Object-Centric_Robotic_Manipulation.md,Survey of Learning-Based Approaches for Robotic In-Hand Manipulation,02_Papers/09_Survey_Review/Survey_of_Learning-Based_Approaches_for_Robotic_In-Hand_Manipulation.md,References,https://openalex.org/W4405426927 (OpenAlex referenced_works metadata),2026-09-23
Survey of Learning-Based Approaches for Robotic In-Hand Manipulation,02_Papers/09_Survey_Review/Survey_of_Learning-Based_Approaches_for_Robotic_In-Hand_Manipulation.md,A Survey of Embodied Learning for Object-Centric Robotic Manipulation,02_Papers/09_Survey_Review/A_Survey_of_Embodied_Learning_for_Object-Centric_Robotic_Manipulation.md,Cited By,https://openalex.org/W4405426927 (OpenAlex referenced_works metadata),2026-09-23
A Survey on Robotics with Foundation Models: Toward Embodied AI,02_Papers/09_Survey_Review/A_Survey_on_Robotics_with_Foundation_Models_Toward_Embodied_AI.md,"Do As I Can, Not As I Say: Grounding Language in Robotic Affordances",02_Papers/01_VLA/SayCan.md,References,https://arxiv.org/html/2402.02385#bib.bib5 (arXiv full-text bibliography item 5),2026-09-23
"Do As I Can, Not As I Say: Grounding Language in Robotic Affordances",02_Papers/01_VLA/SayCan.md,A Survey on Robotics with Foundation Models: Toward Embodied AI,02_Papers/09_Survey_Review/A_Survey_on_Robotics_with_Foundation_Models_Toward_Embodied_AI.md,Cited By,https://arxiv.org/html/2402.02385#bib.bib5 (arXiv full-text bibliography item 5),2026-09-23
A Survey on Robotics with Foundation Models: Toward Embodied AI,02_Papers/09_Survey_Review/A_Survey_on_Robotics_with_Foundation_Models_Toward_Embodied_AI.md,Open X-Embodiment: Robotic Learning Datasets and RT-X Models,02_Papers/10_Benchmark_Dataset/Open_X-Embodiment.md,References,https://arxiv.org/html/2402.02385#bib.bib40 (arXiv full-text bibliography item 40),2026-09-23
Open X-Embodiment: Robotic Learning Datasets and RT-X Models,02_Papers/10_Benchmark_Dataset/Open_X-Embodiment.md,A Survey on Robotics with Foundation Models: Toward Embodied AI,02_Papers/09_Survey_Review/A_Survey_on_Robotics_with_Foundation_Models_Toward_Embodied_AI.md,Cited By,https://arxiv.org/html/2402.02385#bib.bib40 (arXiv full-text bibliography item 40),2026-09-23
A Survey on Vision-Language-Action Models: An Action Tokenization Perspective,02_Papers/09_Survey_Review/A_Survey_on_Vision-Language-Action_Models_An_Action_Tokenization_Perspective.md,3D-VLA: A 3D Vision-Language-Action Generative World Model,02_Papers/01_VLA/3D-VLA.md,References,https://arxiv.org/html/2507.01925#bib.bib38 (arXiv full-text bibliography item 38),2026-09-23
3D-VLA: A 3D Vision-Language-Action Generative World Model,02_Papers/01_VLA/3D-VLA.md,A Survey on Vision-Language-Action Models: An Action Tokenization Perspective,02_Papers/09_Survey_Review/A_Survey_on_Vision-Language-Action_Models_An_Action_Tokenization_Perspective.md,Cited By,https://arxiv.org/html/2507.01925#bib.bib38 (arXiv full-text bibliography item 38),2026-09-23
A Survey on Vision-Language-Action Models: An Action Tokenization Perspective,02_Papers/09_Survey_Review/A_Survey_on_Vision-Language-Action_Models_An_Action_Tokenization_Perspective.md,CoT-VLA: Visual Chain-of-Thought Reasoning for Vision-Language-Action Models,02_Papers/01_VLA/CoT-VLA.md,References,https://arxiv.org/html/2507.01925#bib.bib33 (arXiv full-text bibliography item 33),2026-09-23
CoT-VLA: Visual Chain-of-Thought Reasoning for Vision-Language-Action Models,02_Papers/01_VLA/CoT-VLA.md,A Survey on Vision-Language-Action Models: An Action Tokenization Perspective,02_Papers/09_Survey_Review/A_Survey_on_Vision-Language-Action_Models_An_Action_Tokenization_Perspective.md,Cited By,https://arxiv.org/html/2507.01925#bib.bib33 (arXiv full-text bibliography item 33),2026-09-23
A Survey on Vision-Language-Action Models: An Action Tokenization Perspective,02_Papers/09_Survey_Review/A_Survey_on_Vision-Language-Action_Models_An_Action_Tokenization_Perspective.md,MoManipVLA: Transferring Vision-language-action Models for General Mobile Manipulation,02_Papers/01_VLA/MoManipVLA.md,References,https://arxiv.org/html/2507.01925#bib.bib266 (arXiv full-text bibliography item 266),2026-09-23
MoManipVLA: Transferring Vision-language-action Models for General Mobile Manipulation,02_Papers/01_VLA/MoManipVLA.md,A Survey on Vision-Language-Action Models: An Action Tokenization Perspective,02_Papers/09_Survey_Review/A_Survey_on_Vision-Language-Action_Models_An_Action_Tokenization_Perspective.md,Cited By,https://arxiv.org/html/2507.01925#bib.bib266 (arXiv full-text bibliography item 266),2026-09-23
A Survey on Vision-Language-Action Models: An Action Tokenization Perspective,02_Papers/09_Survey_Review/A_Survey_on_Vision-Language-Action_Models_An_Action_Tokenization_Perspective.md,Octo: An Open-Source Generalist Robot Policy,02_Papers/01_VLA/Octo.md,References,https://arxiv.org/html/2507.01925#bib.bib248 (arXiv full-text bibliography item 248),2026-09-23
Octo: An Open-Source Generalist Robot Policy,02_Papers/01_VLA/Octo.md,A Survey on Vision-Language-Action Models: An Action Tokenization Perspective,02_Papers/09_Survey_Review/A_Survey_on_Vision-Language-Action_Models_An_Action_Tokenization_Perspective.md,Cited By,https://arxiv.org/html/2507.01925#bib.bib248 (arXiv full-text bibliography item 248),2026-09-23
A Survey on Vision-Language-Action Models: An Action Tokenization Perspective,02_Papers/09_Survey_Review/A_Survey_on_Vision-Language-Action_Models_An_Action_Tokenization_Perspective.md,OpenVLA: An Open-Source Vision-Language-Action Model,02_Papers/01_VLA/OpenVLA.md,References,https://arxiv.org/html/2507.01925#bib.bib21 (arXiv full-text bibliography item 21),2026-09-23
OpenVLA: An Open-Source Vision-Language-Action Model,02_Papers/01_VLA/OpenVLA.md,A Survey on Vision-Language-Action Models: An Action Tokenization Perspective,02_Papers/09_Survey_Review/A_Survey_on_Vision-Language-Action_Models_An_Action_Tokenization_Perspective.md,Cited By,https://arxiv.org/html/2507.01925#bib.bib21 (arXiv full-text bibliography item 21),2026-09-23
A Survey on Vision-Language-Action Models: An Action Tokenization Perspective,02_Papers/09_Survey_Review/A_Survey_on_Vision-Language-Action_Models_An_Action_Tokenization_Perspective.md,RoboMamba: Efficient Vision-Language-Action Model for Robotic Reasoning and Manipulation,02_Papers/01_VLA/RoboMamba.md,References,https://arxiv.org/html/2507.01925#bib.bib146 (arXiv full-text bibliography item 146),2026-09-23
RoboMamba: Efficient Vision-Language-Action Model for Robotic Reasoning and Manipulation,02_Papers/01_VLA/RoboMamba.md,A Survey on Vision-Language-Action Models: An Action Tokenization Perspective,02_Papers/09_Survey_Review/A_Survey_on_Vision-Language-Action_Models_An_Action_Tokenization_Perspective.md,Cited By,https://arxiv.org/html/2507.01925#bib.bib146 (arXiv full-text bibliography item 146),2026-09-23
A Survey on Vision-Language-Action Models: An Action Tokenization Perspective,02_Papers/09_Survey_Review/A_Survey_on_Vision-Language-Action_Models_An_Action_Tokenization_Perspective.md,"Do As I Can, Not As I Say: Grounding Language in Robotic Affordances",02_Papers/01_VLA/SayCan.md,References,https://arxiv.org/html/2507.01925#bib.bib13 (arXiv full-text bibliography item 13),2026-09-23
"Do As I Can, Not As I Say: Grounding Language in Robotic Affordances",02_Papers/01_VLA/SayCan.md,A Survey on Vision-Language-Action Models: An Action Tokenization Perspective,02_Papers/09_Survey_Review/A_Survey_on_Vision-Language-Action_Models_An_Action_Tokenization_Perspective.md,Cited By,https://arxiv.org/html/2507.01925#bib.bib13 (arXiv full-text bibliography item 13),2026-09-23
A Survey on Vision-Language-Action Models: An Action Tokenization Perspective,02_Papers/09_Survey_Review/A_Survey_on_Vision-Language-Action_Models_An_Action_Tokenization_Perspective.md,ManipLLM: Embodied Multimodal Large Language Model for Object-Centric Robotic Manipulation,02_Papers/02_Robot_Manipulation/ManipLLM.md,References,https://arxiv.org/html/2507.01925#bib.bib168 (arXiv full-text bibliography item 168),2026-09-23
ManipLLM: Embodied Multimodal Large Language Model for Object-Centric Robotic Manipulation,02_Papers/02_Robot_Manipulation/ManipLLM.md,A Survey on Vision-Language-Action Models: An Action Tokenization Perspective,02_Papers/09_Survey_Review/A_Survey_on_Vision-Language-Action_Models_An_Action_Tokenization_Perspective.md,Cited By,https://arxiv.org/html/2507.01925#bib.bib168 (arXiv full-text bibliography item 168),2026-09-23
A Survey on Vision-Language-Action Models: An Action Tokenization Perspective,02_Papers/09_Survey_Review/A_Survey_on_Vision-Language-Action_Models_An_Action_Tokenization_Perspective.md,RDT-1B: a Diffusion Foundation Model for Bimanual Manipulation,02_Papers/03_Bimanual/RDT-1B.md,References,https://arxiv.org/html/2507.01925#bib.bib23 (arXiv full-text bibliography item 23),2026-09-23
RDT-1B: a Diffusion Foundation Model for Bimanual Manipulation,02_Papers/03_Bimanual/RDT-1B.md,A Survey on Vision-Language-Action Models: An Action Tokenization Perspective,02_Papers/09_Survey_Review/A_Survey_on_Vision-Language-Action_Models_An_Action_Tokenization_Perspective.md,Cited By,https://arxiv.org/html/2507.01925#bib.bib23 (arXiv full-text bibliography item 23),2026-09-23
A Survey on Vision-Language-Action Models: An Action Tokenization Perspective,02_Papers/09_Survey_Review/A_Survey_on_Vision-Language-Action_Models_An_Action_Tokenization_Perspective.md,DexUMI: Using Human Hand as the Universal Manipulation Interface for Dexterous Manipulation,02_Papers/04_Dexterous/DexUMI.md,References,https://arxiv.org/html/2507.01925#bib.bib319 (arXiv full-text bibliography item 319),2026-09-23
DexUMI: Using Human Hand as the Universal Manipulation Interface for Dexterous Manipulation,02_Papers/04_Dexterous/DexUMI.md,A Survey on Vision-Language-Action Models: An Action Tokenization Perspective,02_Papers/09_Survey_Review/A_Survey_on_Vision-Language-Action_Models_An_Action_Tokenization_Perspective.md,Cited By,https://arxiv.org/html/2507.01925#bib.bib319 (arXiv full-text bibliography item 319),2026-09-23
A Survey on Vision-Language-Action Models: An Action Tokenization Perspective,02_Papers/09_Survey_Review/A_Survey_on_Vision-Language-Action_Models_An_Action_Tokenization_Perspective.md,HAMSTER: Hierarchical Action Models for Open-World Robot Manipulation,02_Papers/07_Generalization_LongHorizon/HAMSTER.md,References,https://arxiv.org/html/2507.01925#bib.bib190 (arXiv full-text bibliography item 190),2026-09-23
HAMSTER: Hierarchical Action Models for Open-World Robot Manipulation,02_Papers/07_Generalization_LongHorizon/HAMSTER.md,A Survey on Vision-Language-Action Models: An Action Tokenization Perspective,02_Papers/09_Survey_Review/A_Survey_on_Vision-Language-Action_Models_An_Action_Tokenization_Perspective.md,Cited By,https://arxiv.org/html/2507.01925#bib.bib190 (arXiv full-text bibliography item 190),2026-09-23
A Survey on Vision-Language-Action Models: An Action Tokenization Perspective,02_Papers/09_Survey_Review/A_Survey_on_Vision-Language-Action_Models_An_Action_Tokenization_Perspective.md,RAM: Retrieval-Based Affordance Transfer for Generalizable Zero-Shot Robotic Manipulation,02_Papers/07_Generalization_LongHorizon/RAM.md,References,https://arxiv.org/html/2507.01925#bib.bib165 (arXiv full-text bibliography item 165),2026-09-23
RAM: Retrieval-Based Affordance Transfer for Generalizable Zero-Shot Robotic Manipulation,02_Papers/07_Generalization_LongHorizon/RAM.md,A Survey on Vision-Language-Action Models: An Action Tokenization Perspective,02_Papers/09_Survey_Review/A_Survey_on_Vision-Language-Action_Models_An_Action_Tokenization_Perspective.md,Cited By,https://arxiv.org/html/2507.01925#bib.bib165 (arXiv full-text bibliography item 165),2026-09-23
A Survey on Vision-Language-Action Models: An Action Tokenization Perspective,02_Papers/09_Survey_Review/A_Survey_on_Vision-Language-Action_Models_An_Action_Tokenization_Perspective.md,"Think Small, Act Big: Primitive Prompt Learning for Lifelong Robot Manipulation","02_Papers/07_Generalization_LongHorizon/Think_Small,_Act_Big.md",References,https://arxiv.org/html/2507.01925#bib.bib199 (arXiv full-text bibliography item 199),2026-09-23
"Think Small, Act Big: Primitive Prompt Learning for Lifelong Robot Manipulation","02_Papers/07_Generalization_LongHorizon/Think_Small,_Act_Big.md",A Survey on Vision-Language-Action Models: An Action Tokenization Perspective,02_Papers/09_Survey_Review/A_Survey_on_Vision-Language-Action_Models_An_Action_Tokenization_Perspective.md,Cited By,https://arxiv.org/html/2507.01925#bib.bib199 (arXiv full-text bibliography item 199),2026-09-23
A Survey on Vision-Language-Action Models: An Action Tokenization Perspective,02_Papers/09_Survey_Review/A_Survey_on_Vision-Language-Action_Models_An_Action_Tokenization_Perspective.md,VidBot: Learning Generalizable 3D Actions from In-the-Wild 2D Human Videos for Zero-Shot Robotic Manipulation,02_Papers/07_Generalization_LongHorizon/VidBot.md,References,https://arxiv.org/html/2507.01925#bib.bib180 (arXiv full-text bibliography item 180),2026-09-23
VidBot: Learning Generalizable 3D Actions from In-the-Wild 2D Human Videos for Zero-Shot Robotic Manipulation,02_Papers/07_Generalization_LongHorizon/VidBot.md,A Survey on Vision-Language-Action Models: An Action Tokenization Perspective,02_Papers/09_Survey_Review/A_Survey_on_Vision-Language-Action_Models_An_Action_Tokenization_Perspective.md,Cited By,https://arxiv.org/html/2507.01925#bib.bib180 (arXiv full-text bibliography item 180),2026-09-23
A Survey on Vision-Language-Action Models: An Action Tokenization Perspective,02_Papers/09_Survey_Review/A_Survey_on_Vision-Language-Action_Models_An_Action_Tokenization_Perspective.md,DexCap: Scalable and Portable Mocap Data Collection System for Dexterous Manipulation,02_Papers/08_Data_Teleoperation/DexCap.md,References,https://arxiv.org/html/2507.01925#bib.bib320 (arXiv full-text bibliography item 320),2026-09-23
DexCap: Scalable and Portable Mocap Data Collection System for Dexterous Manipulation,02_Papers/08_Data_Teleoperation/DexCap.md,A Survey on Vision-Language-Action Models: An Action Tokenization Perspective,02_Papers/09_Survey_Review/A_Survey_on_Vision-Language-Action_Models_An_Action_Tokenization_Perspective.md,Cited By,https://arxiv.org/html/2507.01925#bib.bib320 (arXiv full-text bibliography item 320),2026-09-23
A Survey on Vision-Language-Action Models: An Action Tokenization Perspective,02_Papers/09_Survey_Review/A_Survey_on_Vision-Language-Action_Models_An_Action_Tokenization_Perspective.md,Latent Action Pretraining from Videos,02_Papers/08_Data_Teleoperation/Latent_Action_Pretraining_from_Videos.md,References,https://arxiv.org/html/2507.01925#bib.bib39 (arXiv full-text bibliography item 39),2026-09-23
Latent Action Pretraining from Videos,02_Papers/08_Data_Teleoperation/Latent_Action_Pretraining_from_Videos.md,A Survey on Vision-Language-Action Models: An Action Tokenization Perspective,02_Papers/09_Survey_Review/A_Survey_on_Vision-Language-Action_Models_An_Action_Tokenization_Perspective.md,Cited By,https://arxiv.org/html/2507.01925#bib.bib39 (arXiv full-text bibliography item 39),2026-09-23
A Survey on Vision-Language-Action Models: An Action Tokenization Perspective,02_Papers/09_Survey_Review/A_Survey_on_Vision-Language-Action_Models_An_Action_Tokenization_Perspective.md,DROID: A Large-Scale In-The-Wild Robot Manipulation Dataset,02_Papers/10_Benchmark_Dataset/DROID.md,References,https://arxiv.org/html/2507.01925#bib.bib253 (arXiv full-text bibliography item 253),2026-09-23
DROID: A Large-Scale In-The-Wild Robot Manipulation Dataset,02_Papers/10_Benchmark_Dataset/DROID.md,A Survey on Vision-Language-Action Models: An Action Tokenization Perspective,02_Papers/09_Survey_Review/A_Survey_on_Vision-Language-Action_Models_An_Action_Tokenization_Perspective.md,Cited By,https://arxiv.org/html/2507.01925#bib.bib253 (arXiv full-text bibliography item 253),2026-09-23
A Survey on Vision-Language-Action Models: An Action Tokenization Perspective,02_Papers/09_Survey_Review/A_Survey_on_Vision-Language-Action_Models_An_Action_Tokenization_Perspective.md,Open X-Embodiment: Robotic Learning Datasets and RT-X Models,02_Papers/10_Benchmark_Dataset/Open_X-Embodiment.md,References,https://arxiv.org/html/2507.01925#bib.bib207 (arXiv full-text bibliography item 207),2026-09-23
Open X-Embodiment: Robotic Learning Datasets and RT-X Models,02_Papers/10_Benchmark_Dataset/Open_X-Embodiment.md,A Survey on Vision-Language-Action Models: An Action Tokenization Perspective,02_Papers/09_Survey_Review/A_Survey_on_Vision-Language-Action_Models_An_Action_Tokenization_Perspective.md,Cited By,https://arxiv.org/html/2507.01925#bib.bib207 (arXiv full-text bibliography item 207),2026-09-23
A Survey on Vision-Language-Action Models for Embodied AI,02_Papers/09_Survey_Review/A_Survey_on_Vision-Language-Action_Models_for_Embodied_AI.md,3D-VLA: A 3D Vision-Language-Action Generative World Model,02_Papers/01_VLA/3D-VLA.md,References,https://arxiv.org/html/2405.14093#bib.bib70 (arXiv full-text bibliography item 70),2026-09-23
3D-VLA: A 3D Vision-Language-Action Generative World Model,02_Papers/01_VLA/3D-VLA.md,A Survey on Vision-Language-Action Models for Embodied AI,02_Papers/09_Survey_Review/A_Survey_on_Vision-Language-Action_Models_for_Embodied_AI.md,Cited By,https://arxiv.org/html/2405.14093#bib.bib70 (arXiv full-text bibliography item 70),2026-09-23
A Survey on Vision-Language-Action Models for Embodied AI,02_Papers/09_Survey_Review/A_Survey_on_Vision-Language-Action_Models_for_Embodied_AI.md,Actions as Language: Fine-Tuning VLMs into VLAs Without Catastrophic Forgetting,02_Papers/01_VLA/Actions_as_Language.md,References,https://arxiv.org/html/2405.14093#bib.bib776 (arXiv full-text bibliography item 776),2026-09-23
Actions as Language: Fine-Tuning VLMs into VLAs Without Catastrophic Forgetting,02_Papers/01_VLA/Actions_as_Language.md,A Survey on Vision-Language-Action Models for Embodied AI,02_Papers/09_Survey_Review/A_Survey_on_Vision-Language-Action_Models_for_Embodied_AI.md,Cited By,https://arxiv.org/html/2405.14093#bib.bib776 (arXiv full-text bibliography item 776),2026-09-23
A Survey on Vision-Language-Action Models for Embodied AI,02_Papers/09_Survey_Review/A_Survey_on_Vision-Language-Action_Models_for_Embodied_AI.md,BridgeVLA: Input-Output Alignment for Efficient 3D Manipulation Learning with Vision-Language Models,02_Papers/01_VLA/BridgeVLA.md,References,https://arxiv.org/html/2405.14093#bib.bib506 (arXiv full-text bibliography item 506),2026-09-23
BridgeVLA: Input-Output Alignment for Efficient 3D Manipulation Learning with Vision-Language Models,02_Papers/01_VLA/BridgeVLA.md,A Survey on Vision-Language-Action Models for Embodied AI,02_Papers/09_Survey_Review/A_Survey_on_Vision-Language-Action_Models_for_Embodied_AI.md,Cited By,https://arxiv.org/html/2405.14093#bib.bib506 (arXiv full-text bibliography item 506),2026-09-23
A Survey on Vision-Language-Action Models for Embodied AI,02_Papers/09_Survey_Review/A_Survey_on_Vision-Language-Action_Models_for_Embodied_AI.md,CoT-VLA: Visual Chain-of-Thought Reasoning for Vision-Language-Action Models,02_Papers/01_VLA/CoT-VLA.md,References,https://arxiv.org/html/2405.14093#bib.bib79 (arXiv full-text bibliography item 79),2026-09-23
CoT-VLA: Visual Chain-of-Thought Reasoning for Vision-Language-Action Models,02_Papers/01_VLA/CoT-VLA.md,A Survey on Vision-Language-Action Models for Embodied AI,02_Papers/09_Survey_Review/A_Survey_on_Vision-Language-Action_Models_for_Embodied_AI.md,Cited By,https://arxiv.org/html/2405.14093#bib.bib79 (arXiv full-text bibliography item 79),2026-09-23
A Survey on Vision-Language-Action Models for Embodied AI,02_Papers/09_Survey_Review/A_Survey_on_Vision-Language-Action_Models_for_Embodied_AI.md,MoManipVLA: Transferring Vision-language-action Models for General Mobile Manipulation,02_Papers/01_VLA/MoManipVLA.md,References,https://arxiv.org/html/2405.14093#bib.bib636 (arXiv full-text bibliography item 636),2026-09-23
MoManipVLA: Transferring Vision-language-action Models for General Mobile Manipulation,02_Papers/01_VLA/MoManipVLA.md,A Survey on Vision-Language-Action Models for Embodied AI,02_Papers/09_Survey_Review/A_Survey_on_Vision-Language-Action_Models_for_Embodied_AI.md,Cited By,https://arxiv.org/html/2405.14093#bib.bib636 (arXiv full-text bibliography item 636),2026-09-23
A Survey on Vision-Language-Action Models for Embodied AI,02_Papers/09_Survey_Review/A_Survey_on_Vision-Language-Action_Models_for_Embodied_AI.md,Octo: An Open-Source Generalist Robot Policy,02_Papers/01_VLA/Octo.md,References,https://arxiv.org/html/2405.14093#bib.bib110 (arXiv full-text bibliography item 110),2026-09-23
Octo: An Open-Source Generalist Robot Policy,02_Papers/01_VLA/Octo.md,A Survey on Vision-Language-Action Models for Embodied AI,02_Papers/09_Survey_Review/A_Survey_on_Vision-Language-Action_Models_for_Embodied_AI.md,Cited By,https://arxiv.org/html/2405.14093#bib.bib110 (arXiv full-text bibliography item 110),2026-09-23
A Survey on Vision-Language-Action Models for Embodied AI,02_Papers/09_Survey_Review/A_Survey_on_Vision-Language-Action_Models_for_Embodied_AI.md,OpenVLA: An Open-Source Vision-Language-Action Model,02_Papers/01_VLA/OpenVLA.md,References,https://arxiv.org/html/2405.14093#bib.bib35 (arXiv full-text bibliography item 35),2026-09-23
OpenVLA: An Open-Source Vision-Language-Action Model,02_Papers/01_VLA/OpenVLA.md,A Survey on Vision-Language-Action Models for Embodied AI,02_Papers/09_Survey_Review/A_Survey_on_Vision-Language-Action_Models_for_Embodied_AI.md,Cited By,https://arxiv.org/html/2405.14093#bib.bib35 (arXiv full-text bibliography item 35),2026-09-23
A Survey on Vision-Language-Action Models for Embodied AI,02_Papers/09_Survey_Review/A_Survey_on_Vision-Language-Action_Models_for_Embodied_AI.md,RoboMamba: Efficient Vision-Language-Action Model for Robotic Reasoning and Manipulation,02_Papers/01_VLA/RoboMamba.md,References,https://arxiv.org/html/2405.14093#bib.bib119 (arXiv full-text bibliography item 119),2026-09-23
RoboMamba: Efficient Vision-Language-Action Model for Robotic Reasoning and Manipulation,02_Papers/01_VLA/RoboMamba.md,A Survey on Vision-Language-Action Models for Embodied AI,02_Papers/09_Survey_Review/A_Survey_on_Vision-Language-Action_Models_for_Embodied_AI.md,Cited By,https://arxiv.org/html/2405.14093#bib.bib119 (arXiv full-text bibliography item 119),2026-09-23
A Survey on Vision-Language-Action Models for Embodied AI,02_Papers/09_Survey_Review/A_Survey_on_Vision-Language-Action_Models_for_Embodied_AI.md,RoboMonkey: Scaling Test-Time Sampling and Verification for Vision-Language-Action Models,02_Papers/01_VLA/RoboMonkey.md,References,https://arxiv.org/html/2405.14093#bib.bib81 (arXiv full-text bibliography item 81),2026-09-23
RoboMonkey: Scaling Test-Time Sampling and Verification for Vision-Language-Action Models,02_Papers/01_VLA/RoboMonkey.md,A Survey on Vision-Language-Action Models for Embodied AI,02_Papers/09_Survey_Review/A_Survey_on_Vision-Language-Action_Models_for_Embodied_AI.md,Cited By,https://arxiv.org/html/2405.14093#bib.bib81 (arXiv full-text bibliography item 81),2026-09-23
A Survey on Vision-Language-Action Models for Embodied AI,02_Papers/09_Survey_Review/A_Survey_on_Vision-Language-Action_Models_for_Embodied_AI.md,"Do As I Can, Not As I Say: Grounding Language in Robotic Affordances",02_Papers/01_VLA/SayCan.md,References,https://arxiv.org/html/2405.14093#bib.bib10 (arXiv full-text bibliography item 10),2026-09-23
"Do As I Can, Not As I Say: Grounding Language in Robotic Affordances",02_Papers/01_VLA/SayCan.md,A Survey on Vision-Language-Action Models for Embodied AI,02_Papers/09_Survey_Review/A_Survey_on_Vision-Language-Action_Models_for_Embodied_AI.md,Cited By,https://arxiv.org/html/2405.14093#bib.bib10 (arXiv full-text bibliography item 10),2026-09-23
A Survey on Vision-Language-Action Models for Embodied AI,02_Papers/09_Survey_Review/A_Survey_on_Vision-Language-Action_Models_for_Embodied_AI.md,SimpleVLA-RL: Scaling VLA Training via Reinforcement Learning,02_Papers/01_VLA/SimpleVLA-RL.md,References,https://arxiv.org/html/2405.14093#bib.bib718 (arXiv full-text bibliography item 718),2026-09-23
SimpleVLA-RL: Scaling VLA Training via Reinforcement Learning,02_Papers/01_VLA/SimpleVLA-RL.md,A Survey on Vision-Language-Action Models for Embodied AI,02_Papers/09_Survey_Review/A_Survey_on_Vision-Language-Action_Models_for_Embodied_AI.md,Cited By,https://arxiv.org/html/2405.14093#bib.bib718 (arXiv full-text bibliography item 718),2026-09-23
A Survey on Vision-Language-Action Models for Embodied AI,02_Papers/09_Survey_Review/A_Survey_on_Vision-Language-Action_Models_for_Embodied_AI.md,TraceVLA: Visual Trace Prompting Enhances Spatial-Temporal Awareness for Generalist Robotic Policies,02_Papers/01_VLA/TraceVLA.md,References,https://arxiv.org/html/2405.14093#bib.bib117 (arXiv full-text bibliography item 117),2026-09-23
TraceVLA: Visual Trace Prompting Enhances Spatial-Temporal Awareness for Generalist Robotic Policies,02_Papers/01_VLA/TraceVLA.md,A Survey on Vision-Language-Action Models for Embodied AI,02_Papers/09_Survey_Review/A_Survey_on_Vision-Language-Action_Models_for_Embodied_AI.md,Cited By,https://arxiv.org/html/2405.14093#bib.bib117 (arXiv full-text bibliography item 117),2026-09-23
A Survey on Vision-Language-Action Models for Embodied AI,02_Papers/09_Survey_Review/A_Survey_on_Vision-Language-Action_Models_for_Embodied_AI.md,VideoVLA: Video Generators Can Be Generalizable Robot Manipulators,02_Papers/01_VLA/VideoVLA.md,References,https://arxiv.org/html/2405.14093#bib.bib756 (arXiv full-text bibliography item 756),2026-09-23
VideoVLA: Video Generators Can Be Generalizable Robot Manipulators,02_Papers/01_VLA/VideoVLA.md,A Survey on Vision-Language-Action Models for Embodied AI,02_Papers/09_Survey_Review/A_Survey_on_Vision-Language-Action_Models_for_Embodied_AI.md,Cited By,https://arxiv.org/html/2405.14093#bib.bib756 (arXiv full-text bibliography item 756),2026-09-23
A Survey on Vision-Language-Action Models for Embodied AI,02_Papers/09_Survey_Review/A_Survey_on_Vision-Language-Action_Models_for_Embodied_AI.md,RDT-1B: a Diffusion Foundation Model for Bimanual Manipulation,02_Papers/03_Bimanual/RDT-1B.md,References,https://arxiv.org/html/2405.14093#bib.bib113 (arXiv full-text bibliography item 113),2026-09-23
RDT-1B: a Diffusion Foundation Model for Bimanual Manipulation,02_Papers/03_Bimanual/RDT-1B.md,A Survey on Vision-Language-Action Models for Embodied AI,02_Papers/09_Survey_Review/A_Survey_on_Vision-Language-Action_Models_for_Embodied_AI.md,Cited By,https://arxiv.org/html/2405.14093#bib.bib113 (arXiv full-text bibliography item 113),2026-09-23
A Survey on Vision-Language-Action Models for Embodied AI,02_Papers/09_Survey_Review/A_Survey_on_Vision-Language-Action_Models_for_Embodied_AI.md,3D Diffuser Actor: Policy Diffusion with 3D Scene Representations,02_Papers/06_Diffusion_Flow_IL_RL/3D_Diffuser_Actor.md,References,https://arxiv.org/html/2405.14093#bib.bib111 (arXiv full-text bibliography item 111),2026-09-23
3D Diffuser Actor: Policy Diffusion with 3D Scene Representations,02_Papers/06_Diffusion_Flow_IL_RL/3D_Diffuser_Actor.md,A Survey on Vision-Language-Action Models for Embodied AI,02_Papers/09_Survey_Review/A_Survey_on_Vision-Language-Action_Models_for_Embodied_AI.md,Cited By,https://arxiv.org/html/2405.14093#bib.bib111 (arXiv full-text bibliography item 111),2026-09-23
A Survey on Vision-Language-Action Models for Embodied AI,02_Papers/09_Survey_Review/A_Survey_on_Vision-Language-Action_Models_for_Embodied_AI.md,HAMSTER: Hierarchical Action Models for Open-World Robot Manipulation,02_Papers/07_Generalization_LongHorizon/HAMSTER.md,References,https://arxiv.org/html/2405.14093#bib.bib589 (arXiv full-text bibliography item 589),2026-09-23
HAMSTER: Hierarchical Action Models for Open-World Robot Manipulation,02_Papers/07_Generalization_LongHorizon/HAMSTER.md,A Survey on Vision-Language-Action Models for Embodied AI,02_Papers/09_Survey_Review/A_Survey_on_Vision-Language-Action_Models_for_Embodied_AI.md,Cited By,https://arxiv.org/html/2405.14093#bib.bib589 (arXiv full-text bibliography item 589),2026-09-23
A Survey on Vision-Language-Action Models for Embodied AI,02_Papers/09_Survey_Review/A_Survey_on_Vision-Language-Action_Models_for_Embodied_AI.md,Latent Action Pretraining from Videos,02_Papers/08_Data_Teleoperation/Latent_Action_Pretraining_from_Videos.md,References,https://arxiv.org/html/2405.14093#bib.bib125 (arXiv full-text bibliography item 125),2026-09-23
Latent Action Pretraining from Videos,02_Papers/08_Data_Teleoperation/Latent_Action_Pretraining_from_Videos.md,A Survey on Vision-Language-Action Models for Embodied AI,02_Papers/09_Survey_Review/A_Survey_on_Vision-Language-Action_Models_for_Embodied_AI.md,Cited By,https://arxiv.org/html/2405.14093#bib.bib125 (arXiv full-text bibliography item 125),2026-09-23
A Survey on Vision-Language-Action Models for Embodied AI,02_Papers/09_Survey_Review/A_Survey_on_Vision-Language-Action_Models_for_Embodied_AI.md,A Survey on Vision-Language-Action Models: An Action Tokenization Perspective,02_Papers/09_Survey_Review/A_Survey_on_Vision-Language-Action_Models_An_Action_Tokenization_Perspective.md,References,https://arxiv.org/html/2405.14093#bib.bib452 (arXiv full-text bibliography item 452),2026-09-23
A Survey on Vision-Language-Action Models: An Action Tokenization Perspective,02_Papers/09_Survey_Review/A_Survey_on_Vision-Language-Action_Models_An_Action_Tokenization_Perspective.md,A Survey on Vision-Language-Action Models for Embodied AI,02_Papers/09_Survey_Review/A_Survey_on_Vision-Language-Action_Models_for_Embodied_AI.md,Cited By,https://arxiv.org/html/2405.14093#bib.bib452 (arXiv full-text bibliography item 452),2026-09-23
A Survey on Vision-Language-Action Models for Embodied AI,02_Papers/09_Survey_Review/A_Survey_on_Vision-Language-Action_Models_for_Embodied_AI.md,DROID: A Large-Scale In-The-Wild Robot Manipulation Dataset,02_Papers/10_Benchmark_Dataset/DROID.md,References,https://arxiv.org/html/2405.14093#bib.bib159 (arXiv full-text bibliography item 159),2026-09-23
DROID: A Large-Scale In-The-Wild Robot Manipulation Dataset,02_Papers/10_Benchmark_Dataset/DROID.md,A Survey on Vision-Language-Action Models for Embodied AI,02_Papers/09_Survey_Review/A_Survey_on_Vision-Language-Action_Models_for_Embodied_AI.md,Cited By,https://arxiv.org/html/2405.14093#bib.bib159 (arXiv full-text bibliography item 159),2026-09-23
A Survey on Vision-Language-Action Models for Embodied AI,02_Papers/09_Survey_Review/A_Survey_on_Vision-Language-Action_Models_for_Embodied_AI.md,Open X-Embodiment: Robotic Learning Datasets and RT-X Models,02_Papers/10_Benchmark_Dataset/Open_X-Embodiment.md,References,https://arxiv.org/html/2405.14093#bib.bib115 (arXiv full-text bibliography item 115),2026-09-23
Open X-Embodiment: Robotic Learning Datasets and RT-X Models,02_Papers/10_Benchmark_Dataset/Open_X-Embodiment.md,A Survey on Vision-Language-Action Models for Embodied AI,02_Papers/09_Survey_Review/A_Survey_on_Vision-Language-Action_Models_for_Embodied_AI.md,Cited By,https://arxiv.org/html/2405.14093#bib.bib115 (arXiv full-text bibliography item 115),2026-09-23
"Dexterous Hand towards Intelligent Manufacturing: A Review of Technologies, Trends, and Potential Applications","02_Papers/09_Survey_Review/Dexterous_Hand_towards_Intelligent_Manufacturing_A_Review_of_Technologies,_Trends,_and_Pot.md",Survey of Learning-Based Approaches for Robotic In-Hand Manipulation,02_Papers/09_Survey_Review/Survey_of_Learning-Based_Approaches_for_Robotic_In-Hand_Manipulation.md,References,https://openalex.org/W4409168415 (OpenAlex referenced_works metadata),2026-09-23
Survey of Learning-Based Approaches for Robotic In-Hand Manipulation,02_Papers/09_Survey_Review/Survey_of_Learning-Based_Approaches_for_Robotic_In-Hand_Manipulation.md,"Dexterous Hand towards Intelligent Manufacturing: A Review of Technologies, Trends, and Potential Applications","02_Papers/09_Survey_Review/Dexterous_Hand_towards_Intelligent_Manufacturing_A_Review_of_Technologies,_Trends,_and_Pot.md",Cited By,https://openalex.org/W4409168415 (OpenAlex referenced_works metadata),2026-09-23
Interactive Imitation Learning for Dexterous Robotic Manipulation: Challenges and Perspectives—a Survey,02_Papers/09_Survey_Review/Interactive_Imitation_Learning_for_Dexterous_Robotic_Manipulation_Challenges_and_Perspecti.md,A Survey of Embodied Learning for Object-Centric Robotic Manipulation,02_Papers/09_Survey_Review/A_Survey_of_Embodied_Learning_for_Object-Centric_Robotic_Manipulation.md,References,https://openalex.org/W4417483688 (OpenAlex referenced_works metadata),2026-09-23
A Survey of Embodied Learning for Object-Centric Robotic Manipulation,02_Papers/09_Survey_Review/A_Survey_of_Embodied_Learning_for_Object-Centric_Robotic_Manipulation.md,Interactive Imitation Learning for Dexterous Robotic Manipulation: Challenges and Perspectives—a Survey,02_Papers/09_Survey_Review/Interactive_Imitation_Learning_for_Dexterous_Robotic_Manipulation_Challenges_and_Perspecti.md,Cited By,https://openalex.org/W4417483688 (OpenAlex referenced_works metadata),2026-09-23
Interactive Imitation Learning for Dexterous Robotic Manipulation: Challenges and Perspectives—a Survey,02_Papers/09_Survey_Review/Interactive_Imitation_Learning_for_Dexterous_Robotic_Manipulation_Challenges_and_Perspecti.md,Survey of Learning-Based Approaches for Robotic In-Hand Manipulation,02_Papers/09_Survey_Review/Survey_of_Learning-Based_Approaches_for_Robotic_In-Hand_Manipulation.md,References,https://openalex.org/W4417483688 (OpenAlex referenced_works metadata),2026-09-23
Survey of Learning-Based Approaches for Robotic In-Hand Manipulation,02_Papers/09_Survey_Review/Survey_of_Learning-Based_Approaches_for_Robotic_In-Hand_Manipulation.md,Interactive Imitation Learning for Dexterous Robotic Manipulation: Challenges and Perspectives—a Survey,02_Papers/09_Survey_Review/Interactive_Imitation_Learning_for_Dexterous_Robotic_Manipulation_Challenges_and_Perspecti.md,Cited By,https://openalex.org/W4417483688 (OpenAlex referenced_works metadata),2026-09-23
Learning by Watching: A Review of Video-Based Learning Approaches for Robot Manipulation,02_Papers/09_Survey_Review/Learning_by_Watching.md,CoT-VLA: Visual Chain-of-Thought Reasoning for Vision-Language-Action Models,02_Papers/01_VLA/CoT-VLA.md,References,https://arxiv.org/html/2402.07127#bib.bib107 (arXiv full-text bibliography item 107),2026-09-23
CoT-VLA: Visual Chain-of-Thought Reasoning for Vision-Language-Action Models,02_Papers/01_VLA/CoT-VLA.md,Learning by Watching: A Review of Video-Based Learning Approaches for Robot Manipulation,02_Papers/09_Survey_Review/Learning_by_Watching.md,Cited By,https://arxiv.org/html/2402.07127#bib.bib107 (arXiv full-text bibliography item 107),2026-09-23
Learning by Watching: A Review of Video-Based Learning Approaches for Robot Manipulation,02_Papers/09_Survey_Review/Learning_by_Watching.md,Octo: An Open-Source Generalist Robot Policy,02_Papers/01_VLA/Octo.md,References,https://arxiv.org/html/2402.07127#bib.bib97 (arXiv full-text bibliography item 97),2026-09-23
Octo: An Open-Source Generalist Robot Policy,02_Papers/01_VLA/Octo.md,Learning by Watching: A Review of Video-Based Learning Approaches for Robot Manipulation,02_Papers/09_Survey_Review/Learning_by_Watching.md,Cited By,https://arxiv.org/html/2402.07127#bib.bib97 (arXiv full-text bibliography item 97),2026-09-23
Learning by Watching: A Review of Video-Based Learning Approaches for Robot Manipulation,02_Papers/09_Survey_Review/Learning_by_Watching.md,OpenVLA: An Open-Source Vision-Language-Action Model,02_Papers/01_VLA/OpenVLA.md,References,https://arxiv.org/html/2402.07127#bib.bib96 (arXiv full-text bibliography item 96),2026-09-23
OpenVLA: An Open-Source Vision-Language-Action Model,02_Papers/01_VLA/OpenVLA.md,Learning by Watching: A Review of Video-Based Learning Approaches for Robot Manipulation,02_Papers/09_Survey_Review/Learning_by_Watching.md,Cited By,https://arxiv.org/html/2402.07127#bib.bib96 (arXiv full-text bibliography item 96),2026-09-23
Learning by Watching: A Review of Video-Based Learning Approaches for Robot Manipulation,02_Papers/09_Survey_Review/Learning_by_Watching.md,VidMan: Exploiting Implicit Dynamics from Video Diffusion Model for Effective Robot Manipulation,02_Papers/02_Robot_Manipulation/VidMan.md,References,https://arxiv.org/html/2402.07127#bib.bib205 (arXiv full-text bibliography item 205),2026-09-23
VidMan: Exploiting Implicit Dynamics from Video Diffusion Model for Effective Robot Manipulation,02_Papers/02_Robot_Manipulation/VidMan.md,Learning by Watching: A Review of Video-Based Learning Approaches for Robot Manipulation,02_Papers/09_Survey_Review/Learning_by_Watching.md,Cited By,https://arxiv.org/html/2402.07127#bib.bib205 (arXiv full-text bibliography item 205),2026-09-23
Learning by Watching: A Review of Video-Based Learning Approaches for Robot Manipulation,02_Papers/09_Survey_Review/Learning_by_Watching.md,RDT-1B: a Diffusion Foundation Model for Bimanual Manipulation,02_Papers/03_Bimanual/RDT-1B.md,References,https://arxiv.org/html/2402.07127#bib.bib99 (arXiv full-text bibliography item 99),2026-09-23
RDT-1B: a Diffusion Foundation Model for Bimanual Manipulation,02_Papers/03_Bimanual/RDT-1B.md,Learning by Watching: A Review of Video-Based Learning Approaches for Robot Manipulation,02_Papers/09_Survey_Review/Learning_by_Watching.md,Cited By,https://arxiv.org/html/2402.07127#bib.bib99 (arXiv full-text bibliography item 99),2026-09-23
Learning by Watching: A Review of Video-Based Learning Approaches for Robot Manipulation,02_Papers/09_Survey_Review/Learning_by_Watching.md,TASTE-Rob: Advancing Video Generation of Task-Oriented Hand-Object Interaction for Generalizable Robotic Manipulation,02_Papers/07_Generalization_LongHorizon/TASTE-Rob.md,References,https://arxiv.org/html/2402.07127#bib.bib92 (arXiv full-text bibliography item 92),2026-09-23
TASTE-Rob: Advancing Video Generation of Task-Oriented Hand-Object Interaction for Generalizable Robotic Manipulation,02_Papers/07_Generalization_LongHorizon/TASTE-Rob.md,Learning by Watching: A Review of Video-Based Learning Approaches for Robot Manipulation,02_Papers/09_Survey_Review/Learning_by_Watching.md,Cited By,https://arxiv.org/html/2402.07127#bib.bib92 (arXiv full-text bibliography item 92),2026-09-23
Learning by Watching: A Review of Video-Based Learning Approaches for Robot Manipulation,02_Papers/09_Survey_Review/Learning_by_Watching.md,DROID: A Large-Scale In-The-Wild Robot Manipulation Dataset,02_Papers/10_Benchmark_Dataset/DROID.md,References,https://arxiv.org/html/2402.07127#bib.bib88 (arXiv full-text bibliography item 88),2026-09-23
DROID: A Large-Scale In-The-Wild Robot Manipulation Dataset,02_Papers/10_Benchmark_Dataset/DROID.md,Learning by Watching: A Review of Video-Based Learning Approaches for Robot Manipulation,02_Papers/09_Survey_Review/Learning_by_Watching.md,Cited By,https://arxiv.org/html/2402.07127#bib.bib88 (arXiv full-text bibliography item 88),2026-09-23
Learning by Watching: A Review of Video-Based Learning Approaches for Robot Manipulation,02_Papers/09_Survey_Review/Learning_by_Watching.md,Open X-Embodiment: Robotic Learning Datasets and RT-X Models,02_Papers/10_Benchmark_Dataset/Open_X-Embodiment.md,References,https://arxiv.org/html/2402.07127#bib.bib16 (arXiv full-text bibliography item 16),2026-09-23
Open X-Embodiment: Robotic Learning Datasets and RT-X Models,02_Papers/10_Benchmark_Dataset/Open_X-Embodiment.md,Learning by Watching: A Review of Video-Based Learning Approaches for Robot Manipulation,02_Papers/09_Survey_Review/Learning_by_Watching.md,Cited By,https://arxiv.org/html/2402.07127#bib.bib16 (arXiv full-text bibliography item 16),2026-09-23
Towards a Unified Understanding of Robot Manipulation: A Comprehensive Survey,02_Papers/09_Survey_Review/Towards_a_Unified_Understanding_of_Robot_Manipulation_A_Comprehensive_Survey.md,3D-VLA: A 3D Vision-Language-Action Generative World Model,02_Papers/01_VLA/3D-VLA.md,References,https://arxiv.org/html/2510.10903#bib.bib962 (arXiv full-text bibliography item 962),2026-09-23
3D-VLA: A 3D Vision-Language-Action Generative World Model,02_Papers/01_VLA/3D-VLA.md,Towards a Unified Understanding of Robot Manipulation: A Comprehensive Survey,02_Papers/09_Survey_Review/Towards_a_Unified_Understanding_of_Robot_Manipulation_A_Comprehensive_Survey.md,Cited By,https://arxiv.org/html/2510.10903#bib.bib962 (arXiv full-text bibliography item 962),2026-09-23
Towards a Unified Understanding of Robot Manipulation: A Comprehensive Survey,02_Papers/09_Survey_Review/Towards_a_Unified_Understanding_of_Robot_Manipulation_A_Comprehensive_Survey.md,BridgeVLA: Input-Output Alignment for Efficient 3D Manipulation Learning with Vision-Language Models,02_Papers/01_VLA/BridgeVLA.md,References,https://arxiv.org/html/2510.10903#bib.bib958 (arXiv full-text bibliography item 958),2026-09-23
BridgeVLA: Input-Output Alignment for Efficient 3D Manipulation Learning with Vision-Language Models,02_Papers/01_VLA/BridgeVLA.md,Towards a Unified Understanding of Robot Manipulation: A Comprehensive Survey,02_Papers/09_Survey_Review/Towards_a_Unified_Understanding_of_Robot_Manipulation_A_Comprehensive_Survey.md,Cited By,https://arxiv.org/html/2510.10903#bib.bib958 (arXiv full-text bibliography item 958),2026-09-23
Towards a Unified Understanding of Robot Manipulation: A Comprehensive Survey,02_Papers/09_Survey_Review/Towards_a_Unified_Understanding_of_Robot_Manipulation_A_Comprehensive_Survey.md,CoT-VLA: Visual Chain-of-Thought Reasoning for Vision-Language-Action Models,02_Papers/01_VLA/CoT-VLA.md,References,https://arxiv.org/html/2510.10903#bib.bib923 (arXiv full-text bibliography item 923),2026-09-23
CoT-VLA: Visual Chain-of-Thought Reasoning for Vision-Language-Action Models,02_Papers/01_VLA/CoT-VLA.md,Towards a Unified Understanding of Robot Manipulation: A Comprehensive Survey,02_Papers/09_Survey_Review/Towards_a_Unified_Understanding_of_Robot_Manipulation_A_Comprehensive_Survey.md,Cited By,https://arxiv.org/html/2510.10903#bib.bib923 (arXiv full-text bibliography item 923),2026-09-23
Towards a Unified Understanding of Robot Manipulation: A Comprehensive Survey,02_Papers/09_Survey_Review/Towards_a_Unified_Understanding_of_Robot_Manipulation_A_Comprehensive_Survey.md,MoManipVLA: Transferring Vision-language-action Models for General Mobile Manipulation,02_Papers/01_VLA/MoManipVLA.md,References,https://arxiv.org/html/2510.10903#bib.bib272 (arXiv full-text bibliography item 272),2026-09-23
MoManipVLA: Transferring Vision-language-action Models for General Mobile Manipulation,02_Papers/01_VLA/MoManipVLA.md,Towards a Unified Understanding of Robot Manipulation: A Comprehensive Survey,02_Papers/09_Survey_Review/Towards_a_Unified_Understanding_of_Robot_Manipulation_A_Comprehensive_Survey.md,Cited By,https://arxiv.org/html/2510.10903#bib.bib272 (arXiv full-text bibliography item 272),2026-09-23
Towards a Unified Understanding of Robot Manipulation: A Comprehensive Survey,02_Papers/09_Survey_Review/Towards_a_Unified_Understanding_of_Robot_Manipulation_A_Comprehensive_Survey.md,Octo: An Open-Source Generalist Robot Policy,02_Papers/01_VLA/Octo.md,References,https://arxiv.org/html/2510.10903#bib.bib886 (arXiv full-text bibliography item 886),2026-09-23
Octo: An Open-Source Generalist Robot Policy,02_Papers/01_VLA/Octo.md,Towards a Unified Understanding of Robot Manipulation: A Comprehensive Survey,02_Papers/09_Survey_Review/Towards_a_Unified_Understanding_of_Robot_Manipulation_A_Comprehensive_Survey.md,Cited By,https://arxiv.org/html/2510.10903#bib.bib886 (arXiv full-text bibliography item 886),2026-09-23
Towards a Unified Understanding of Robot Manipulation: A Comprehensive Survey,02_Papers/09_Survey_Review/Towards_a_Unified_Understanding_of_Robot_Manipulation_A_Comprehensive_Survey.md,OpenVLA: An Open-Source Vision-Language-Action Model,02_Papers/01_VLA/OpenVLA.md,References,https://arxiv.org/html/2510.10903#bib.bib13 (arXiv full-text bibliography item 13),2026-09-23
OpenVLA: An Open-Source Vision-Language-Action Model,02_Papers/01_VLA/OpenVLA.md,Towards a Unified Understanding of Robot Manipulation: A Comprehensive Survey,02_Papers/09_Survey_Review/Towards_a_Unified_Understanding_of_Robot_Manipulation_A_Comprehensive_Survey.md,Cited By,https://arxiv.org/html/2510.10903#bib.bib13 (arXiv full-text bibliography item 13),2026-09-23
Towards a Unified Understanding of Robot Manipulation: A Comprehensive Survey,02_Papers/09_Survey_Review/Towards_a_Unified_Understanding_of_Robot_Manipulation_A_Comprehensive_Survey.md,ReconVLA: Reconstructive Vision-Language-Action Model as Effective Robot Perceiver,02_Papers/01_VLA/ReconVLA.md,References,https://arxiv.org/html/2510.10903#bib.bib926 (arXiv full-text bibliography item 926),2026-09-23
ReconVLA: Reconstructive Vision-Language-Action Model as Effective Robot Perceiver,02_Papers/01_VLA/ReconVLA.md,Towards a Unified Understanding of Robot Manipulation: A Comprehensive Survey,02_Papers/09_Survey_Review/Towards_a_Unified_Understanding_of_Robot_Manipulation_A_Comprehensive_Survey.md,Cited By,https://arxiv.org/html/2510.10903#bib.bib926 (arXiv full-text bibliography item 926),2026-09-23
Towards a Unified Understanding of Robot Manipulation: A Comprehensive Survey,02_Papers/09_Survey_Review/Towards_a_Unified_Understanding_of_Robot_Manipulation_A_Comprehensive_Survey.md,RoboMamba: Efficient Vision-Language-Action Model for Robotic Reasoning and Manipulation,02_Papers/01_VLA/RoboMamba.md,References,https://arxiv.org/html/2510.10903#bib.bib1089 (arXiv full-text bibliography item 1089),2026-09-23
RoboMamba: Efficient Vision-Language-Action Model for Robotic Reasoning and Manipulation,02_Papers/01_VLA/RoboMamba.md,Towards a Unified Understanding of Robot Manipulation: A Comprehensive Survey,02_Papers/09_Survey_Review/Towards_a_Unified_Understanding_of_Robot_Manipulation_A_Comprehensive_Survey.md,Cited By,https://arxiv.org/html/2510.10903#bib.bib1089 (arXiv full-text bibliography item 1089),2026-09-23
Towards a Unified Understanding of Robot Manipulation: A Comprehensive Survey,02_Papers/09_Survey_Review/Towards_a_Unified_Understanding_of_Robot_Manipulation_A_Comprehensive_Survey.md,RoboMonkey: Scaling Test-Time Sampling and Verification for Vision-Language-Action Models,02_Papers/01_VLA/RoboMonkey.md,References,https://arxiv.org/html/2510.10903#bib.bib915 (arXiv full-text bibliography item 915),2026-09-23
RoboMonkey: Scaling Test-Time Sampling and Verification for Vision-Language-Action Models,02_Papers/01_VLA/RoboMonkey.md,Towards a Unified Understanding of Robot Manipulation: A Comprehensive Survey,02_Papers/09_Survey_Review/Towards_a_Unified_Understanding_of_Robot_Manipulation_A_Comprehensive_Survey.md,Cited By,https://arxiv.org/html/2510.10903#bib.bib915 (arXiv full-text bibliography item 915),2026-09-23
Towards a Unified Understanding of Robot Manipulation: A Comprehensive Survey,02_Papers/09_Survey_Review/Towards_a_Unified_Understanding_of_Robot_Manipulation_A_Comprehensive_Survey.md,"Do As I Can, Not As I Say: Grounding Language in Robotic Affordances",02_Papers/01_VLA/SayCan.md,References,https://arxiv.org/html/2510.10903#bib.bib421 (arXiv full-text bibliography item 421),2026-09-23
"Do As I Can, Not As I Say: Grounding Language in Robotic Affordances",02_Papers/01_VLA/SayCan.md,Towards a Unified Understanding of Robot Manipulation: A Comprehensive Survey,02_Papers/09_Survey_Review/Towards_a_Unified_Understanding_of_Robot_Manipulation_A_Comprehensive_Survey.md,Cited By,https://arxiv.org/html/2510.10903#bib.bib421 (arXiv full-text bibliography item 421),2026-09-23
Towards a Unified Understanding of Robot Manipulation: A Comprehensive Survey,02_Papers/09_Survey_Review/Towards_a_Unified_Understanding_of_Robot_Manipulation_A_Comprehensive_Survey.md,SimpleVLA-RL: Scaling VLA Training via Reinforcement Learning,02_Papers/01_VLA/SimpleVLA-RL.md,References,https://arxiv.org/html/2510.10903#bib.bib919 (arXiv full-text bibliography item 919),2026-09-23
SimpleVLA-RL: Scaling VLA Training via Reinforcement Learning,02_Papers/01_VLA/SimpleVLA-RL.md,Towards a Unified Understanding of Robot Manipulation: A Comprehensive Survey,02_Papers/09_Survey_Review/Towards_a_Unified_Understanding_of_Robot_Manipulation_A_Comprehensive_Survey.md,Cited By,https://arxiv.org/html/2510.10903#bib.bib919 (arXiv full-text bibliography item 919),2026-09-23
Towards a Unified Understanding of Robot Manipulation: A Comprehensive Survey,02_Papers/09_Survey_Review/Towards_a_Unified_Understanding_of_Robot_Manipulation_A_Comprehensive_Survey.md,TraceVLA: Visual Trace Prompting Enhances Spatial-Temporal Awareness for Generalist Robotic Policies,02_Papers/01_VLA/TraceVLA.md,References,https://arxiv.org/html/2510.10903#bib.bib924 (arXiv full-text bibliography item 924),2026-09-23
TraceVLA: Visual Trace Prompting Enhances Spatial-Temporal Awareness for Generalist Robotic Policies,02_Papers/01_VLA/TraceVLA.md,Towards a Unified Understanding of Robot Manipulation: A Comprehensive Survey,02_Papers/09_Survey_Review/Towards_a_Unified_Understanding_of_Robot_Manipulation_A_Comprehensive_Survey.md,Cited By,https://arxiv.org/html/2510.10903#bib.bib924 (arXiv full-text bibliography item 924),2026-09-23
Towards a Unified Understanding of Robot Manipulation: A Comprehensive Survey,02_Papers/09_Survey_Review/Towards_a_Unified_Understanding_of_Robot_Manipulation_A_Comprehensive_Survey.md,VLA-Cache: Efficient Vision-Language-Action Manipulation via Adaptive Token Caching,02_Papers/01_VLA/VLA-Cache.md,References,https://arxiv.org/html/2510.10903#bib.bib932 (arXiv full-text bibliography item 932),2026-09-23
VLA-Cache: Efficient Vision-Language-Action Manipulation via Adaptive Token Caching,02_Papers/01_VLA/VLA-Cache.md,Towards a Unified Understanding of Robot Manipulation: A Comprehensive Survey,02_Papers/09_Survey_Review/Towards_a_Unified_Understanding_of_Robot_Manipulation_A_Comprehensive_Survey.md,Cited By,https://arxiv.org/html/2510.10903#bib.bib932 (arXiv full-text bibliography item 932),2026-09-23
Towards a Unified Understanding of Robot Manipulation: A Comprehensive Survey,02_Papers/09_Survey_Review/Towards_a_Unified_Understanding_of_Robot_Manipulation_A_Comprehensive_Survey.md,ManipLLM: Embodied Multimodal Large Language Model for Object-Centric Robotic Manipulation,02_Papers/02_Robot_Manipulation/ManipLLM.md,References,https://arxiv.org/html/2510.10903#bib.bib505 (arXiv full-text bibliography item 505),2026-09-23
ManipLLM: Embodied Multimodal Large Language Model for Object-Centric Robotic Manipulation,02_Papers/02_Robot_Manipulation/ManipLLM.md,Towards a Unified Understanding of Robot Manipulation: A Comprehensive Survey,02_Papers/09_Survey_Review/Towards_a_Unified_Understanding_of_Robot_Manipulation_A_Comprehensive_Survey.md,Cited By,https://arxiv.org/html/2510.10903#bib.bib505 (arXiv full-text bibliography item 505),2026-09-23
Towards a Unified Understanding of Robot Manipulation: A Comprehensive Survey,02_Papers/09_Survey_Review/Towards_a_Unified_Understanding_of_Robot_Manipulation_A_Comprehensive_Survey.md,RobotSmith: Generative Robotic Tool Design for Acquisition of Complex Manipulation Skills,02_Papers/02_Robot_Manipulation/RobotSmith.md,References,https://arxiv.org/html/2510.10903#bib.bib1330 (arXiv full-text bibliography item 1330),2026-09-23
RobotSmith: Generative Robotic Tool Design for Acquisition of Complex Manipulation Skills,02_Papers/02_Robot_Manipulation/RobotSmith.md,Towards a Unified Understanding of Robot Manipulation: A Comprehensive Survey,02_Papers/09_Survey_Review/Towards_a_Unified_Understanding_of_Robot_Manipulation_A_Comprehensive_Survey.md,Cited By,https://arxiv.org/html/2510.10903#bib.bib1330 (arXiv full-text bibliography item 1330),2026-09-23
Towards a Unified Understanding of Robot Manipulation: A Comprehensive Survey,02_Papers/09_Survey_Review/Towards_a_Unified_Understanding_of_Robot_Manipulation_A_Comprehensive_Survey.md,VidMan: Exploiting Implicit Dynamics from Video Diffusion Model for Effective Robot Manipulation,02_Papers/02_Robot_Manipulation/VidMan.md,References,https://arxiv.org/html/2510.10903#bib.bib793 (arXiv full-text bibliography item 793),2026-09-23
VidMan: Exploiting Implicit Dynamics from Video Diffusion Model for Effective Robot Manipulation,02_Papers/02_Robot_Manipulation/VidMan.md,Towards a Unified Understanding of Robot Manipulation: A Comprehensive Survey,02_Papers/09_Survey_Review/Towards_a_Unified_Understanding_of_Robot_Manipulation_A_Comprehensive_Survey.md,Cited By,https://arxiv.org/html/2510.10903#bib.bib793 (arXiv full-text bibliography item 793),2026-09-23
Towards a Unified Understanding of Robot Manipulation: A Comprehensive Survey,02_Papers/09_Survey_Review/Towards_a_Unified_Understanding_of_Robot_Manipulation_A_Comprehensive_Survey.md,AnyBimanual: Transferring Unimanual Policy for General Bimanual Manipulation,02_Papers/03_Bimanual/AnyBimanual.md,References,https://arxiv.org/html/2510.10903#bib.bib1270 (arXiv full-text bibliography item 1270),2026-09-23
AnyBimanual: Transferring Unimanual Policy for General Bimanual Manipulation,02_Papers/03_Bimanual/AnyBimanual.md,Towards a Unified Understanding of Robot Manipulation: A Comprehensive Survey,02_Papers/09_Survey_Review/Towards_a_Unified_Understanding_of_Robot_Manipulation_A_Comprehensive_Survey.md,Cited By,https://arxiv.org/html/2510.10903#bib.bib1270 (arXiv full-text bibliography item 1270),2026-09-23
Towards a Unified Understanding of Robot Manipulation: A Comprehensive Survey,02_Papers/09_Survey_Review/Towards_a_Unified_Understanding_of_Robot_Manipulation_A_Comprehensive_Survey.md,COMBO-Grasp: Learning Constraint-Based Manipulation for Bimanual Occluded Grasping,02_Papers/03_Bimanual/COMBO-Grasp.md,References,https://arxiv.org/html/2510.10903#bib.bib244 (arXiv full-text bibliography item 244),2026-09-23
COMBO-Grasp: Learning Constraint-Based Manipulation for Bimanual Occluded Grasping,02_Papers/03_Bimanual/COMBO-Grasp.md,Towards a Unified Understanding of Robot Manipulation: A Comprehensive Survey,02_Papers/09_Survey_Review/Towards_a_Unified_Understanding_of_Robot_Manipulation_A_Comprehensive_Survey.md,Cited By,https://arxiv.org/html/2510.10903#bib.bib244 (arXiv full-text bibliography item 244),2026-09-23
Towards a Unified Understanding of Robot Manipulation: A Comprehensive Survey,02_Papers/09_Survey_Review/Towards_a_Unified_Understanding_of_Robot_Manipulation_A_Comprehensive_Survey.md,HumanoidGen: Data Generation for Bimanual Dexterous Manipulation via LLM Reasoning,02_Papers/03_Bimanual/HumanoidGen.md,References,https://arxiv.org/html/2510.10903#bib.bib136 (arXiv full-text bibliography item 136),2026-09-23
HumanoidGen: Data Generation for Bimanual Dexterous Manipulation via LLM Reasoning,02_Papers/03_Bimanual/HumanoidGen.md,Towards a Unified Understanding of Robot Manipulation: A Comprehensive Survey,02_Papers/09_Survey_Review/Towards_a_Unified_Understanding_of_Robot_Manipulation_A_Comprehensive_Survey.md,Cited By,https://arxiv.org/html/2510.10903#bib.bib136 (arXiv full-text bibliography item 136),2026-09-23
Towards a Unified Understanding of Robot Manipulation: A Comprehensive Survey,02_Papers/09_Survey_Review/Towards_a_Unified_Understanding_of_Robot_Manipulation_A_Comprehensive_Survey.md,Mobile ALOHA: Learning Bimanual Mobile Manipulation Using Low-Cost Whole-Body Teleoperation,02_Papers/03_Bimanual/Mobile_ALOHA.md,References,https://arxiv.org/html/2510.10903#bib.bib37 (arXiv full-text bibliography item 37),2026-09-23
Mobile ALOHA: Learning Bimanual Mobile Manipulation Using Low-Cost Whole-Body Teleoperation,02_Papers/03_Bimanual/Mobile_ALOHA.md,Towards a Unified Understanding of Robot Manipulation: A Comprehensive Survey,02_Papers/09_Survey_Review/Towards_a_Unified_Understanding_of_Robot_Manipulation_A_Comprehensive_Survey.md,Cited By,https://arxiv.org/html/2510.10903#bib.bib37 (arXiv full-text bibliography item 37),2026-09-23
Towards a Unified Understanding of Robot Manipulation: A Comprehensive Survey,02_Papers/09_Survey_Review/Towards_a_Unified_Understanding_of_Robot_Manipulation_A_Comprehensive_Survey.md,RDT-1B: a Diffusion Foundation Model for Bimanual Manipulation,02_Papers/03_Bimanual/RDT-1B.md,References,https://arxiv.org/html/2510.10903#bib.bib1062 (arXiv full-text bibliography item 1062),2026-09-23
RDT-1B: a Diffusion Foundation Model for Bimanual Manipulation,02_Papers/03_Bimanual/RDT-1B.md,Towards a Unified Understanding of Robot Manipulation: A Comprehensive Survey,02_Papers/09_Survey_Review/Towards_a_Unified_Understanding_of_Robot_Manipulation_A_Comprehensive_Survey.md,Cited By,https://arxiv.org/html/2510.10903#bib.bib1062 (arXiv full-text bibliography item 1062),2026-09-23
Towards a Unified Understanding of Robot Manipulation: A Comprehensive Survey,02_Papers/09_Survey_Review/Towards_a_Unified_Understanding_of_Robot_Manipulation_A_Comprehensive_Survey.md,VoxAct-B: Voxel-Based Acting and Stabilizing Policy for Bimanual Manipulation,02_Papers/03_Bimanual/VoxAct-B.md,References,https://arxiv.org/html/2510.10903#bib.bib951 (arXiv full-text bibliography item 951),2026-09-23
VoxAct-B: Voxel-Based Acting and Stabilizing Policy for Bimanual Manipulation,02_Papers/03_Bimanual/VoxAct-B.md,Towards a Unified Understanding of Robot Manipulation: A Comprehensive Survey,02_Papers/09_Survey_Review/Towards_a_Unified_Understanding_of_Robot_Manipulation_A_Comprehensive_Survey.md,Cited By,https://arxiv.org/html/2510.10903#bib.bib951 (arXiv full-text bibliography item 951),2026-09-23
Towards a Unified Understanding of Robot Manipulation: A Comprehensive Survey,02_Papers/09_Survey_Review/Towards_a_Unified_Understanding_of_Robot_Manipulation_A_Comprehensive_Survey.md,You Only Teach Once: Learn One-Shot Bimanual Robotic Manipulation from Video Demonstrations,02_Papers/03_Bimanual/YOTO.md,References,https://arxiv.org/html/2510.10903#bib.bib1073 (arXiv full-text bibliography item 1073),2026-09-23
You Only Teach Once: Learn One-Shot Bimanual Robotic Manipulation from Video Demonstrations,02_Papers/03_Bimanual/YOTO.md,Towards a Unified Understanding of Robot Manipulation: A Comprehensive Survey,02_Papers/09_Survey_Review/Towards_a_Unified_Understanding_of_Robot_Manipulation_A_Comprehensive_Survey.md,Cited By,https://arxiv.org/html/2510.10903#bib.bib1073 (arXiv full-text bibliography item 1073),2026-09-23
Towards a Unified Understanding of Robot Manipulation: A Comprehensive Survey,02_Papers/09_Survey_Review/Towards_a_Unified_Understanding_of_Robot_Manipulation_A_Comprehensive_Survey.md,DexHandDiff: Interaction-aware Diffusion Planning for Adaptive Dexterous Manipulation,02_Papers/04_Dexterous/DexHandDiff.md,References,https://arxiv.org/html/2510.10903#bib.bib251 (arXiv full-text bibliography item 251),2026-09-23
DexHandDiff: Interaction-aware Diffusion Planning for Adaptive Dexterous Manipulation,02_Papers/04_Dexterous/DexHandDiff.md,Towards a Unified Understanding of Robot Manipulation: A Comprehensive Survey,02_Papers/09_Survey_Review/Towards_a_Unified_Understanding_of_Robot_Manipulation_A_Comprehensive_Survey.md,Cited By,https://arxiv.org/html/2510.10903#bib.bib251 (arXiv full-text bibliography item 251),2026-09-23
Towards a Unified Understanding of Robot Manipulation: A Comprehensive Survey,02_Papers/09_Survey_Review/Towards_a_Unified_Understanding_of_Robot_Manipulation_A_Comprehensive_Survey.md,DexUMI: Using Human Hand as the Universal Manipulation Interface for Dexterous Manipulation,02_Papers/04_Dexterous/DexUMI.md,References,https://arxiv.org/html/2510.10903#bib.bib1119 (arXiv full-text bibliography item 1119),2026-09-23
DexUMI: Using Human Hand as the Universal Manipulation Interface for Dexterous Manipulation,02_Papers/04_Dexterous/DexUMI.md,Towards a Unified Understanding of Robot Manipulation: A Comprehensive Survey,02_Papers/09_Survey_Review/Towards_a_Unified_Understanding_of_Robot_Manipulation_A_Comprehensive_Survey.md,Cited By,https://arxiv.org/html/2510.10903#bib.bib1119 (arXiv full-text bibliography item 1119),2026-09-23
Towards a Unified Understanding of Robot Manipulation: A Comprehensive Survey,02_Papers/09_Survey_Review/Towards_a_Unified_Understanding_of_Robot_Manipulation_A_Comprehensive_Survey.md,Dexterous Grasp Transformer,02_Papers/04_Dexterous/Dexterous_Grasp_Transformer.md,References,https://arxiv.org/html/2510.10903#bib.bib238 (arXiv full-text bibliography item 238),2026-09-23
Dexterous Grasp Transformer,02_Papers/04_Dexterous/Dexterous_Grasp_Transformer.md,Towards a Unified Understanding of Robot Manipulation: A Comprehensive Survey,02_Papers/09_Survey_Review/Towards_a_Unified_Understanding_of_Robot_Manipulation_A_Comprehensive_Survey.md,Cited By,https://arxiv.org/html/2510.10903#bib.bib238 (arXiv full-text bibliography item 238),2026-09-23
Towards a Unified Understanding of Robot Manipulation: A Comprehensive Survey,02_Papers/09_Survey_Review/Towards_a_Unified_Understanding_of_Robot_Manipulation_A_Comprehensive_Survey.md,UniDex: A Robot Foundation Suite for Universal Dexterous Hand Control from Egocentric Human Videos,02_Papers/04_Dexterous/UniDex.md,References,https://arxiv.org/html/2510.10903#bib.bib301 (arXiv full-text bibliography item 301),2026-09-23
UniDex: A Robot Foundation Suite for Universal Dexterous Hand Control from Egocentric Human Videos,02_Papers/04_Dexterous/UniDex.md,Towards a Unified Understanding of Robot Manipulation: A Comprehensive Survey,02_Papers/09_Survey_Review/Towards_a_Unified_Understanding_of_Robot_Manipulation_A_Comprehensive_Survey.md,Cited By,https://arxiv.org/html/2510.10903#bib.bib301 (arXiv full-text bibliography item 301),2026-09-23
Towards a Unified Understanding of Robot Manipulation: A Comprehensive Survey,02_Papers/09_Survey_Review/Towards_a_Unified_Understanding_of_Robot_Manipulation_A_Comprehensive_Survey.md,Generalizable Domain Adaptation for Sim-and-Real Policy Co-Training,02_Papers/05_Sim2Real/Generalizable_Domain_Adaptation_for_Sim-and-Real_Policy_Co-Training.md,References,https://arxiv.org/html/2510.10903#bib.bib1209 (arXiv full-text bibliography item 1209),2026-09-23
Generalizable Domain Adaptation for Sim-and-Real Policy Co-Training,02_Papers/05_Sim2Real/Generalizable_Domain_Adaptation_for_Sim-and-Real_Policy_Co-Training.md,Towards a Unified Understanding of Robot Manipulation: A Comprehensive Survey,02_Papers/09_Survey_Review/Towards_a_Unified_Understanding_of_Robot_Manipulation_A_Comprehensive_Survey.md,Cited By,https://arxiv.org/html/2510.10903#bib.bib1209 (arXiv full-text bibliography item 1209),2026-09-23
Towards a Unified Understanding of Robot Manipulation: A Comprehensive Survey,02_Papers/09_Survey_Review/Towards_a_Unified_Understanding_of_Robot_Manipulation_A_Comprehensive_Survey.md,Sim-to-Real Reinforcement Learning for Vision-Based Dexterous Manipulation on Humanoids,02_Papers/05_Sim2Real/Sim-to-Real_Reinforcement_Learning_for_Vision-Based_Dexterous_Manipulation_on_Humanoids.md,References,https://arxiv.org/html/2510.10903#bib.bib398 (arXiv full-text bibliography item 398),2026-09-23
Sim-to-Real Reinforcement Learning for Vision-Based Dexterous Manipulation on Humanoids,02_Papers/05_Sim2Real/Sim-to-Real_Reinforcement_Learning_for_Vision-Based_Dexterous_Manipulation_on_Humanoids.md,Towards a Unified Understanding of Robot Manipulation: A Comprehensive Survey,02_Papers/09_Survey_Review/Towards_a_Unified_Understanding_of_Robot_Manipulation_A_Comprehensive_Survey.md,Cited By,https://arxiv.org/html/2510.10903#bib.bib398 (arXiv full-text bibliography item 398),2026-09-23
Towards a Unified Understanding of Robot Manipulation: A Comprehensive Survey,02_Papers/09_Survey_Review/Towards_a_Unified_Understanding_of_Robot_Manipulation_A_Comprehensive_Survey.md,3D Diffuser Actor: Policy Diffusion with 3D Scene Representations,02_Papers/06_Diffusion_Flow_IL_RL/3D_Diffuser_Actor.md,References,https://arxiv.org/html/2510.10903#bib.bib881 (arXiv full-text bibliography item 881),2026-09-23
3D Diffuser Actor: Policy Diffusion with 3D Scene Representations,02_Papers/06_Diffusion_Flow_IL_RL/3D_Diffuser_Actor.md,Towards a Unified Understanding of Robot Manipulation: A Comprehensive Survey,02_Papers/09_Survey_Review/Towards_a_Unified_Understanding_of_Robot_Manipulation_A_Comprehensive_Survey.md,Cited By,https://arxiv.org/html/2510.10903#bib.bib881 (arXiv full-text bibliography item 881),2026-09-23
Towards a Unified Understanding of Robot Manipulation: A Comprehensive Survey,02_Papers/09_Survey_Review/Towards_a_Unified_Understanding_of_Robot_Manipulation_A_Comprehensive_Survey.md,BAKU: An Efficient Transformer for Multi-Task Policy Learning,02_Papers/06_Diffusion_Flow_IL_RL/BAKU.md,References,https://arxiv.org/html/2510.10903#bib.bib1052 (arXiv full-text bibliography item 1052),2026-09-23
BAKU: An Efficient Transformer for Multi-Task Policy Learning,02_Papers/06_Diffusion_Flow_IL_RL/BAKU.md,Towards a Unified Understanding of Robot Manipulation: A Comprehensive Survey,02_Papers/09_Survey_Review/Towards_a_Unified_Understanding_of_Robot_Manipulation_A_Comprehensive_Survey.md,Cited By,https://arxiv.org/html/2510.10903#bib.bib1052 (arXiv full-text bibliography item 1052),2026-09-23
Towards a Unified Understanding of Robot Manipulation: A Comprehensive Survey,02_Papers/09_Survey_Review/Towards_a_Unified_Understanding_of_Robot_Manipulation_A_Comprehensive_Survey.md,ET-SEED: Efficient Trajectory-Level SE(3) Equivariant Diffusion Policy,02_Papers/06_Diffusion_Flow_IL_RL/ET-SEED.md,References,https://arxiv.org/html/2510.10903#bib.bib1213 (arXiv full-text bibliography item 1213),2026-09-23
ET-SEED: Efficient Trajectory-Level SE(3) Equivariant Diffusion Policy,02_Papers/06_Diffusion_Flow_IL_RL/ET-SEED.md,Towards a Unified Understanding of Robot Manipulation: A Comprehensive Survey,02_Papers/09_Survey_Review/Towards_a_Unified_Understanding_of_Robot_Manipulation_A_Comprehensive_Survey.md,Cited By,https://arxiv.org/html/2510.10903#bib.bib1213 (arXiv full-text bibliography item 1213),2026-09-23
Towards a Unified Understanding of Robot Manipulation: A Comprehensive Survey,02_Papers/09_Survey_Review/Towards_a_Unified_Understanding_of_Robot_Manipulation_A_Comprehensive_Survey.md,EquiBot: SIM(3)-Equivariant Diffusion Policy for Generalizable and Data Efficient Learning,02_Papers/06_Diffusion_Flow_IL_RL/EquiBot.md,References,https://arxiv.org/html/2510.10903#bib.bib1066 (arXiv full-text bibliography item 1066),2026-09-23
EquiBot: SIM(3)-Equivariant Diffusion Policy for Generalizable and Data Efficient Learning,02_Papers/06_Diffusion_Flow_IL_RL/EquiBot.md,Towards a Unified Understanding of Robot Manipulation: A Comprehensive Survey,02_Papers/09_Survey_Review/Towards_a_Unified_Understanding_of_Robot_Manipulation_A_Comprehensive_Survey.md,Cited By,https://arxiv.org/html/2510.10903#bib.bib1066 (arXiv full-text bibliography item 1066),2026-09-23
Towards a Unified Understanding of Robot Manipulation: A Comprehensive Survey,02_Papers/09_Survey_Review/Towards_a_Unified_Understanding_of_Robot_Manipulation_A_Comprehensive_Survey.md,Equivariant Diffusion Policy,02_Papers/06_Diffusion_Flow_IL_RL/Equivariant_Diffusion_Policy.md,References,https://arxiv.org/html/2510.10903#bib.bib1066 (arXiv full-text bibliography item 1066),2026-09-23
Equivariant Diffusion Policy,02_Papers/06_Diffusion_Flow_IL_RL/Equivariant_Diffusion_Policy.md,Towards a Unified Understanding of Robot Manipulation: A Comprehensive Survey,02_Papers/09_Survey_Review/Towards_a_Unified_Understanding_of_Robot_Manipulation_A_Comprehensive_Survey.md,Cited By,https://arxiv.org/html/2510.10903#bib.bib1066 (arXiv full-text bibliography item 1066),2026-09-23
Towards a Unified Understanding of Robot Manipulation: A Comprehensive Survey,02_Papers/09_Survey_Review/Towards_a_Unified_Understanding_of_Robot_Manipulation_A_Comprehensive_Survey.md,FlowPolicy: Enabling Fast and Robust 3D Flow-Based Policy via Consistency Flow Matching for Robot Manipulation,02_Papers/06_Diffusion_Flow_IL_RL/FlowPolicy.md,References,https://arxiv.org/html/2510.10903#bib.bib1083 (arXiv full-text bibliography item 1083),2026-09-23
FlowPolicy: Enabling Fast and Robust 3D Flow-Based Policy via Consistency Flow Matching for Robot Manipulation,02_Papers/06_Diffusion_Flow_IL_RL/FlowPolicy.md,Towards a Unified Understanding of Robot Manipulation: A Comprehensive Survey,02_Papers/09_Survey_Review/Towards_a_Unified_Understanding_of_Robot_Manipulation_A_Comprehensive_Survey.md,Cited By,https://arxiv.org/html/2510.10903#bib.bib1083 (arXiv full-text bibliography item 1083),2026-09-23
Towards a Unified Understanding of Robot Manipulation: A Comprehensive Survey,02_Papers/09_Survey_Review/Towards_a_Unified_Understanding_of_Robot_Manipulation_A_Comprehensive_Survey.md,FoAM: Foresight-Augmented Multi-Task Imitation Policy for Robotic Manipulation,02_Papers/06_Diffusion_Flow_IL_RL/FoAM.md,References,https://arxiv.org/html/2510.10903#bib.bib782 (arXiv full-text bibliography item 782),2026-09-23
FoAM: Foresight-Augmented Multi-Task Imitation Policy for Robotic Manipulation,02_Papers/06_Diffusion_Flow_IL_RL/FoAM.md,Towards a Unified Understanding of Robot Manipulation: A Comprehensive Survey,02_Papers/09_Survey_Review/Towards_a_Unified_Understanding_of_Robot_Manipulation_A_Comprehensive_Survey.md,Cited By,https://arxiv.org/html/2510.10903#bib.bib782 (arXiv full-text bibliography item 782),2026-09-23
Towards a Unified Understanding of Robot Manipulation: A Comprehensive Survey,02_Papers/09_Survey_Review/Towards_a_Unified_Understanding_of_Robot_Manipulation_A_Comprehensive_Survey.md,Multimodal and Force-Matched Imitation Learning With a See-Through Visuotactile Sensor,02_Papers/06_Diffusion_Flow_IL_RL/Force_Matched_Visuotactile_IL.md,References,https://arxiv.org/html/2510.10903#bib.bib981 (arXiv full-text bibliography item 981),2026-09-23
Multimodal and Force-Matched Imitation Learning With a See-Through Visuotactile Sensor,02_Papers/06_Diffusion_Flow_IL_RL/Force_Matched_Visuotactile_IL.md,Towards a Unified Understanding of Robot Manipulation: A Comprehensive Survey,02_Papers/09_Survey_Review/Towards_a_Unified_Understanding_of_Robot_Manipulation_A_Comprehensive_Survey.md,Cited By,https://arxiv.org/html/2510.10903#bib.bib981 (arXiv full-text bibliography item 981),2026-09-23
Towards a Unified Understanding of Robot Manipulation: A Comprehensive Survey,02_Papers/09_Survey_Review/Towards_a_Unified_Understanding_of_Robot_Manipulation_A_Comprehensive_Survey.md,FreqPolicy: Efficient Flow-based Visuomotor Policy via Frequency Consistency,02_Papers/06_Diffusion_Flow_IL_RL/FreqPolicy.md,References,https://arxiv.org/html/2510.10903#bib.bib873 (arXiv full-text bibliography item 873),2026-09-23
FreqPolicy: Efficient Flow-based Visuomotor Policy via Frequency Consistency,02_Papers/06_Diffusion_Flow_IL_RL/FreqPolicy.md,Towards a Unified Understanding of Robot Manipulation: A Comprehensive Survey,02_Papers/09_Survey_Review/Towards_a_Unified_Understanding_of_Robot_Manipulation_A_Comprehensive_Survey.md,Cited By,https://arxiv.org/html/2510.10903#bib.bib873 (arXiv full-text bibliography item 873),2026-09-23
Towards a Unified Understanding of Robot Manipulation: A Comprehensive Survey,02_Papers/09_Survey_Review/Towards_a_Unified_Understanding_of_Robot_Manipulation_A_Comprehensive_Survey.md,Hierarchical Diffusion Policy for Kinematics-Aware Multi-Task Robotic Manipulation,02_Papers/06_Diffusion_Flow_IL_RL/Hierarchical_Diffusion_Policy_for_Kinematics-Aware_Multi-Task_Robotic_Manipulation.md,References,https://arxiv.org/html/2510.10903#bib.bib868 (arXiv full-text bibliography item 868),2026-09-23
Hierarchical Diffusion Policy for Kinematics-Aware Multi-Task Robotic Manipulation,02_Papers/06_Diffusion_Flow_IL_RL/Hierarchical_Diffusion_Policy_for_Kinematics-Aware_Multi-Task_Robotic_Manipulation.md,Towards a Unified Understanding of Robot Manipulation: A Comprehensive Survey,02_Papers/09_Survey_Review/Towards_a_Unified_Understanding_of_Robot_Manipulation_A_Comprehensive_Survey.md,Cited By,https://arxiv.org/html/2510.10903#bib.bib868 (arXiv full-text bibliography item 868),2026-09-23
Towards a Unified Understanding of Robot Manipulation: A Comprehensive Survey,02_Papers/09_Survey_Review/Towards_a_Unified_Understanding_of_Robot_Manipulation_A_Comprehensive_Survey.md,Learning Robotic Manipulation Policies from Point Clouds with Conditional Flow Matching,02_Papers/06_Diffusion_Flow_IL_RL/Learning_Robotic_Manipulation_Policies_from_Point_Clouds_with_Conditional_Flow_Matching.md,References,https://arxiv.org/html/2510.10903#bib.bib1084 (arXiv full-text bibliography item 1084),2026-09-23
Learning Robotic Manipulation Policies from Point Clouds with Conditional Flow Matching,02_Papers/06_Diffusion_Flow_IL_RL/Learning_Robotic_Manipulation_Policies_from_Point_Clouds_with_Conditional_Flow_Matching.md,Towards a Unified Understanding of Robot Manipulation: A Comprehensive Survey,02_Papers/09_Survey_Review/Towards_a_Unified_Understanding_of_Robot_Manipulation_A_Comprehensive_Survey.md,Cited By,https://arxiv.org/html/2510.10903#bib.bib1084 (arXiv full-text bibliography item 1084),2026-09-23
Towards a Unified Understanding of Robot Manipulation: A Comprehensive Survey,02_Papers/09_Survey_Review/Towards_a_Unified_Understanding_of_Robot_Manipulation_A_Comprehensive_Survey.md,Closed-Loop Visuomotor Control with Generative Expectation for Robotic Manipulation,02_Papers/07_Generalization_LongHorizon/Closed-Loop_Visuomotor_Control_with_Generative_Expectation_for_Robotic_Manipulation.md,References,https://arxiv.org/html/2510.10903#bib.bib787 (arXiv full-text bibliography item 787),2026-09-23
Closed-Loop Visuomotor Control with Generative Expectation for Robotic Manipulation,02_Papers/07_Generalization_LongHorizon/Closed-Loop_Visuomotor_Control_with_Generative_Expectation_for_Robotic_Manipulation.md,Towards a Unified Understanding of Robot Manipulation: A Comprehensive Survey,02_Papers/09_Survey_Review/Towards_a_Unified_Understanding_of_Robot_Manipulation_A_Comprehensive_Survey.md,Cited By,https://arxiv.org/html/2510.10903#bib.bib787 (arXiv full-text bibliography item 787),2026-09-23
Towards a Unified Understanding of Robot Manipulation: A Comprehensive Survey,02_Papers/09_Survey_Review/Towards_a_Unified_Understanding_of_Robot_Manipulation_A_Comprehensive_Survey.md,HAMSTER: Hierarchical Action Models for Open-World Robot Manipulation,02_Papers/07_Generalization_LongHorizon/HAMSTER.md,References,https://arxiv.org/html/2510.10903#bib.bib827 (arXiv full-text bibliography item 827),2026-09-23
HAMSTER: Hierarchical Action Models for Open-World Robot Manipulation,02_Papers/07_Generalization_LongHorizon/HAMSTER.md,Towards a Unified Understanding of Robot Manipulation: A Comprehensive Survey,02_Papers/09_Survey_Review/Towards_a_Unified_Understanding_of_Robot_Manipulation_A_Comprehensive_Survey.md,Cited By,https://arxiv.org/html/2510.10903#bib.bib827 (arXiv full-text bibliography item 827),2026-09-23
Towards a Unified Understanding of Robot Manipulation: A Comprehensive Survey,02_Papers/09_Survey_Review/Towards_a_Unified_Understanding_of_Robot_Manipulation_A_Comprehensive_Survey.md,RAM: Retrieval-Based Affordance Transfer for Generalizable Zero-Shot Robotic Manipulation,02_Papers/07_Generalization_LongHorizon/RAM.md,References,https://arxiv.org/html/2510.10903#bib.bib509 (arXiv full-text bibliography item 509),2026-09-23
RAM: Retrieval-Based Affordance Transfer for Generalizable Zero-Shot Robotic Manipulation,02_Papers/07_Generalization_LongHorizon/RAM.md,Towards a Unified Understanding of Robot Manipulation: A Comprehensive Survey,02_Papers/09_Survey_Review/Towards_a_Unified_Understanding_of_Robot_Manipulation_A_Comprehensive_Survey.md,Cited By,https://arxiv.org/html/2510.10903#bib.bib509 (arXiv full-text bibliography item 509),2026-09-23
Towards a Unified Understanding of Robot Manipulation: A Comprehensive Survey,02_Papers/09_Survey_Review/Towards_a_Unified_Understanding_of_Robot_Manipulation_A_Comprehensive_Survey.md,TASTE-Rob: Advancing Video Generation of Task-Oriented Hand-Object Interaction for Generalizable Robotic Manipulation,02_Papers/07_Generalization_LongHorizon/TASTE-Rob.md,References,https://arxiv.org/html/2510.10903#bib.bib1185 (arXiv full-text bibliography item 1185),2026-09-23
TASTE-Rob: Advancing Video Generation of Task-Oriented Hand-Object Interaction for Generalizable Robotic Manipulation,02_Papers/07_Generalization_LongHorizon/TASTE-Rob.md,Towards a Unified Understanding of Robot Manipulation: A Comprehensive Survey,02_Papers/09_Survey_Review/Towards_a_Unified_Understanding_of_Robot_Manipulation_A_Comprehensive_Survey.md,Cited By,https://arxiv.org/html/2510.10903#bib.bib1185 (arXiv full-text bibliography item 1185),2026-09-23
Towards a Unified Understanding of Robot Manipulation: A Comprehensive Survey,02_Papers/09_Survey_Review/Towards_a_Unified_Understanding_of_Robot_Manipulation_A_Comprehensive_Survey.md,"Think Small, Act Big: Primitive Prompt Learning for Lifelong Robot Manipulation","02_Papers/07_Generalization_LongHorizon/Think_Small,_Act_Big.md",References,https://arxiv.org/html/2510.10903#bib.bib1257 (arXiv full-text bibliography item 1257),2026-09-23
"Think Small, Act Big: Primitive Prompt Learning for Lifelong Robot Manipulation","02_Papers/07_Generalization_LongHorizon/Think_Small,_Act_Big.md",Towards a Unified Understanding of Robot Manipulation: A Comprehensive Survey,02_Papers/09_Survey_Review/Towards_a_Unified_Understanding_of_Robot_Manipulation_A_Comprehensive_Survey.md,Cited By,https://arxiv.org/html/2510.10903#bib.bib1257 (arXiv full-text bibliography item 1257),2026-09-23
Towards a Unified Understanding of Robot Manipulation: A Comprehensive Survey,02_Papers/09_Survey_Review/Towards_a_Unified_Understanding_of_Robot_Manipulation_A_Comprehensive_Survey.md,VidBot: Learning Generalizable 3D Actions from In-the-Wild 2D Human Videos for Zero-Shot Robotic Manipulation,02_Papers/07_Generalization_LongHorizon/VidBot.md,References,https://arxiv.org/html/2510.10903#bib.bib1244 (arXiv full-text bibliography item 1244),2026-09-23
VidBot: Learning Generalizable 3D Actions from In-the-Wild 2D Human Videos for Zero-Shot Robotic Manipulation,02_Papers/07_Generalization_LongHorizon/VidBot.md,Towards a Unified Understanding of Robot Manipulation: A Comprehensive Survey,02_Papers/09_Survey_Review/Towards_a_Unified_Understanding_of_Robot_Manipulation_A_Comprehensive_Survey.md,Cited By,https://arxiv.org/html/2510.10903#bib.bib1244 (arXiv full-text bibliography item 1244),2026-09-23
Towards a Unified Understanding of Robot Manipulation: A Comprehensive Survey,02_Papers/09_Survey_Review/Towards_a_Unified_Understanding_of_Robot_Manipulation_A_Comprehensive_Survey.md,DexCap: Scalable and Portable Mocap Data Collection System for Dexterous Manipulation,02_Papers/08_Data_Teleoperation/DexCap.md,References,https://arxiv.org/html/2510.10903#bib.bib1118 (arXiv full-text bibliography item 1118),2026-09-23
DexCap: Scalable and Portable Mocap Data Collection System for Dexterous Manipulation,02_Papers/08_Data_Teleoperation/DexCap.md,Towards a Unified Understanding of Robot Manipulation: A Comprehensive Survey,02_Papers/09_Survey_Review/Towards_a_Unified_Understanding_of_Robot_Manipulation_A_Comprehensive_Survey.md,Cited By,https://arxiv.org/html/2510.10903#bib.bib1118 (arXiv full-text bibliography item 1118),2026-09-23
Towards a Unified Understanding of Robot Manipulation: A Comprehensive Survey,02_Papers/09_Survey_Review/Towards_a_Unified_Understanding_of_Robot_Manipulation_A_Comprehensive_Survey.md,Latent Action Pretraining from Videos,02_Papers/08_Data_Teleoperation/Latent_Action_Pretraining_from_Videos.md,References,https://arxiv.org/html/2510.10903#bib.bib1032 (arXiv full-text bibliography item 1032),2026-09-23
Latent Action Pretraining from Videos,02_Papers/08_Data_Teleoperation/Latent_Action_Pretraining_from_Videos.md,Towards a Unified Understanding of Robot Manipulation: A Comprehensive Survey,02_Papers/09_Survey_Review/Towards_a_Unified_Understanding_of_Robot_Manipulation_A_Comprehensive_Survey.md,Cited By,https://arxiv.org/html/2510.10903#bib.bib1032 (arXiv full-text bibliography item 1032),2026-09-23
Towards a Unified Understanding of Robot Manipulation: A Comprehensive Survey,02_Papers/09_Survey_Review/Towards_a_Unified_Understanding_of_Robot_Manipulation_A_Comprehensive_Survey.md,ManiWAV: Learning Robot Manipulation from In-the-Wild Audio-Visual Data,02_Papers/08_Data_Teleoperation/ManiWAV.md,References,https://arxiv.org/html/2510.10903#bib.bib1003 (arXiv full-text bibliography item 1003),2026-09-23
ManiWAV: Learning Robot Manipulation from In-the-Wild Audio-Visual Data,02_Papers/08_Data_Teleoperation/ManiWAV.md,Towards a Unified Understanding of Robot Manipulation: A Comprehensive Survey,02_Papers/09_Survey_Review/Towards_a_Unified_Understanding_of_Robot_Manipulation_A_Comprehensive_Survey.md,Cited By,https://arxiv.org/html/2510.10903#bib.bib1003 (arXiv full-text bibliography item 1003),2026-09-23
Towards a Unified Understanding of Robot Manipulation: A Comprehensive Survey,02_Papers/09_Survey_Review/Towards_a_Unified_Understanding_of_Robot_Manipulation_A_Comprehensive_Survey.md,OPEN TEACH: A Versatile Teleoperation System for Robotic Manipulation,02_Papers/08_Data_Teleoperation/OPEN_TEACH.md,References,https://arxiv.org/html/2510.10903#bib.bib1108 (arXiv full-text bibliography item 1108),2026-09-23
OPEN TEACH: A Versatile Teleoperation System for Robotic Manipulation,02_Papers/08_Data_Teleoperation/OPEN_TEACH.md,Towards a Unified Understanding of Robot Manipulation: A Comprehensive Survey,02_Papers/09_Survey_Review/Towards_a_Unified_Understanding_of_Robot_Manipulation_A_Comprehensive_Survey.md,Cited By,https://arxiv.org/html/2510.10903#bib.bib1108 (arXiv full-text bibliography item 1108),2026-09-23
Towards a Unified Understanding of Robot Manipulation: A Comprehensive Survey,02_Papers/09_Survey_Review/Towards_a_Unified_Understanding_of_Robot_Manipulation_A_Comprehensive_Survey.md,Robo2VLM: Improving Visual Question Answering using Large-Scale Robot Manipulation Data,02_Papers/08_Data_Teleoperation/Robo2VLM.md,References,https://arxiv.org/html/2510.10903#bib.bib179 (arXiv full-text bibliography item 179),2026-09-23
Robo2VLM: Improving Visual Question Answering using Large-Scale Robot Manipulation Data,02_Papers/08_Data_Teleoperation/Robo2VLM.md,Towards a Unified Understanding of Robot Manipulation: A Comprehensive Survey,02_Papers/09_Survey_Review/Towards_a_Unified_Understanding_of_Robot_Manipulation_A_Comprehensive_Survey.md,Cited By,https://arxiv.org/html/2510.10903#bib.bib179 (arXiv full-text bibliography item 179),2026-09-23
Towards a Unified Understanding of Robot Manipulation: A Comprehensive Survey,02_Papers/09_Survey_Review/Towards_a_Unified_Understanding_of_Robot_Manipulation_A_Comprehensive_Survey.md,A Survey of Embodied Learning for Object-Centric Robotic Manipulation,02_Papers/09_Survey_Review/A_Survey_of_Embodied_Learning_for_Object-Centric_Robotic_Manipulation.md,References,https://arxiv.org/html/2510.10903#bib.bib26 (arXiv full-text bibliography item 26),2026-09-23
A Survey of Embodied Learning for Object-Centric Robotic Manipulation,02_Papers/09_Survey_Review/A_Survey_of_Embodied_Learning_for_Object-Centric_Robotic_Manipulation.md,Towards a Unified Understanding of Robot Manipulation: A Comprehensive Survey,02_Papers/09_Survey_Review/Towards_a_Unified_Understanding_of_Robot_Manipulation_A_Comprehensive_Survey.md,Cited By,https://arxiv.org/html/2510.10903#bib.bib26 (arXiv full-text bibliography item 26),2026-09-23
Towards a Unified Understanding of Robot Manipulation: A Comprehensive Survey,02_Papers/09_Survey_Review/Towards_a_Unified_Understanding_of_Robot_Manipulation_A_Comprehensive_Survey.md,A Survey on Vision-Language-Action Models: An Action Tokenization Perspective,02_Papers/09_Survey_Review/A_Survey_on_Vision-Language-Action_Models_An_Action_Tokenization_Perspective.md,References,https://arxiv.org/html/2510.10903#bib.bib20 (arXiv full-text bibliography item 20),2026-09-23
A Survey on Vision-Language-Action Models: An Action Tokenization Perspective,02_Papers/09_Survey_Review/A_Survey_on_Vision-Language-Action_Models_An_Action_Tokenization_Perspective.md,Towards a Unified Understanding of Robot Manipulation: A Comprehensive Survey,02_Papers/09_Survey_Review/Towards_a_Unified_Understanding_of_Robot_Manipulation_A_Comprehensive_Survey.md,Cited By,https://arxiv.org/html/2510.10903#bib.bib20 (arXiv full-text bibliography item 20),2026-09-23
Towards a Unified Understanding of Robot Manipulation: A Comprehensive Survey,02_Papers/09_Survey_Review/Towards_a_Unified_Understanding_of_Robot_Manipulation_A_Comprehensive_Survey.md,A Survey on Vision-Language-Action Models for Embodied AI,02_Papers/09_Survey_Review/A_Survey_on_Vision-Language-Action_Models_for_Embodied_AI.md,References,https://arxiv.org/html/2510.10903#bib.bib19 (arXiv full-text bibliography item 19),2026-09-23
A Survey on Vision-Language-Action Models for Embodied AI,02_Papers/09_Survey_Review/A_Survey_on_Vision-Language-Action_Models_for_Embodied_AI.md,Towards a Unified Understanding of Robot Manipulation: A Comprehensive Survey,02_Papers/09_Survey_Review/Towards_a_Unified_Understanding_of_Robot_Manipulation_A_Comprehensive_Survey.md,Cited By,https://arxiv.org/html/2510.10903#bib.bib19 (arXiv full-text bibliography item 19),2026-09-23
Towards a Unified Understanding of Robot Manipulation: A Comprehensive Survey,02_Papers/09_Survey_Review/Towards_a_Unified_Understanding_of_Robot_Manipulation_A_Comprehensive_Survey.md,Interactive Imitation Learning for Dexterous Robotic Manipulation: Challenges and Perspectives—a Survey,02_Papers/09_Survey_Review/Interactive_Imitation_Learning_for_Dexterous_Robotic_Manipulation_Challenges_and_Perspecti.md,References,https://arxiv.org/html/2510.10903#bib.bib287 (arXiv full-text bibliography item 287),2026-09-23
Interactive Imitation Learning for Dexterous Robotic Manipulation: Challenges and Perspectives—a Survey,02_Papers/09_Survey_Review/Interactive_Imitation_Learning_for_Dexterous_Robotic_Manipulation_Challenges_and_Perspecti.md,Towards a Unified Understanding of Robot Manipulation: A Comprehensive Survey,02_Papers/09_Survey_Review/Towards_a_Unified_Understanding_of_Robot_Manipulation_A_Comprehensive_Survey.md,Cited By,https://arxiv.org/html/2510.10903#bib.bib287 (arXiv full-text bibliography item 287),2026-09-23
Towards a Unified Understanding of Robot Manipulation: A Comprehensive Survey,02_Papers/09_Survey_Review/Towards_a_Unified_Understanding_of_Robot_Manipulation_A_Comprehensive_Survey.md,BiGym: A Demo-Driven Mobile Bi-Manual Manipulation Benchmark,02_Papers/10_Benchmark_Dataset/BiGym.md,References,https://arxiv.org/html/2510.10903#bib.bib134 (arXiv full-text bibliography item 134),2026-09-23
BiGym: A Demo-Driven Mobile Bi-Manual Manipulation Benchmark,02_Papers/10_Benchmark_Dataset/BiGym.md,Towards a Unified Understanding of Robot Manipulation: A Comprehensive Survey,02_Papers/09_Survey_Review/Towards_a_Unified_Understanding_of_Robot_Manipulation_A_Comprehensive_Survey.md,Cited By,https://arxiv.org/html/2510.10903#bib.bib134 (arXiv full-text bibliography item 134),2026-09-23
Towards a Unified Understanding of Robot Manipulation: A Comprehensive Survey,02_Papers/09_Survey_Review/Towards_a_Unified_Understanding_of_Robot_Manipulation_A_Comprehensive_Survey.md,DROID: A Large-Scale In-The-Wild Robot Manipulation Dataset,02_Papers/10_Benchmark_Dataset/DROID.md,References,https://arxiv.org/html/2510.10903#bib.bib168 (arXiv full-text bibliography item 168),2026-09-23
DROID: A Large-Scale In-The-Wild Robot Manipulation Dataset,02_Papers/10_Benchmark_Dataset/DROID.md,Towards a Unified Understanding of Robot Manipulation: A Comprehensive Survey,02_Papers/09_Survey_Review/Towards_a_Unified_Understanding_of_Robot_Manipulation_A_Comprehensive_Survey.md,Cited By,https://arxiv.org/html/2510.10903#bib.bib168 (arXiv full-text bibliography item 168),2026-09-23
Towards a Unified Understanding of Robot Manipulation: A Comprehensive Survey,02_Papers/09_Survey_Review/Towards_a_Unified_Understanding_of_Robot_Manipulation_A_Comprehensive_Survey.md,Open X-Embodiment: Robotic Learning Datasets and RT-X Models,02_Papers/10_Benchmark_Dataset/Open_X-Embodiment.md,References,https://arxiv.org/html/2510.10903#bib.bib167 (arXiv full-text bibliography item 167),2026-09-23
Open X-Embodiment: Robotic Learning Datasets and RT-X Models,02_Papers/10_Benchmark_Dataset/Open_X-Embodiment.md,Towards a Unified Understanding of Robot Manipulation: A Comprehensive Survey,02_Papers/09_Survey_Review/Towards_a_Unified_Understanding_of_Robot_Manipulation_A_Comprehensive_Survey.md,Cited By,https://arxiv.org/html/2510.10903#bib.bib167 (arXiv full-text bibliography item 167),2026-09-23
Towards a Unified Understanding of Robot Manipulation: A Comprehensive Survey,02_Papers/09_Survey_Review/Towards_a_Unified_Understanding_of_Robot_Manipulation_A_Comprehensive_Survey.md,RoboTwin: Dual-Arm Robot Benchmark with Generative Digital Twins,02_Papers/10_Benchmark_Dataset/RoboTwin.md,References,https://arxiv.org/html/2510.10903#bib.bib114 (arXiv full-text bibliography item 114),2026-09-23
RoboTwin: Dual-Arm Robot Benchmark with Generative Digital Twins,02_Papers/10_Benchmark_Dataset/RoboTwin.md,Towards a Unified Understanding of Robot Manipulation: A Comprehensive Survey,02_Papers/09_Survey_Review/Towards_a_Unified_Understanding_of_Robot_Manipulation_A_Comprehensive_Survey.md,Cited By,https://arxiv.org/html/2510.10903#bib.bib114 (arXiv full-text bibliography item 114),2026-09-23
Towards a Unified Understanding of Robot Manipulation: A Comprehensive Survey,02_Papers/09_Survey_Review/Towards_a_Unified_Understanding_of_Robot_Manipulation_A_Comprehensive_Survey.md,THE COLOSSEUM: A Benchmark for Evaluating Generalization for Robotic Manipulation,02_Papers/10_Benchmark_Dataset/THE_COLOSSEUM.md,References,https://arxiv.org/html/2510.10903#bib.bib110 (arXiv full-text bibliography item 110),2026-09-23
THE COLOSSEUM: A Benchmark for Evaluating Generalization for Robotic Manipulation,02_Papers/10_Benchmark_Dataset/THE_COLOSSEUM.md,Towards a Unified Understanding of Robot Manipulation: A Comprehensive Survey,02_Papers/09_Survey_Review/Towards_a_Unified_Understanding_of_Robot_Manipulation_A_Comprehensive_Survey.md,Cited By,https://arxiv.org/html/2510.10903#bib.bib110 (arXiv full-text bibliography item 110),2026-09-23
"Do As I Can, Not As I Say: Grounding Language in Robotic Affordances",02_Papers/01_VLA/SayCan.md,OpenVLA: An Open-Source Vision-Language-Action Model,02_Papers/01_VLA/OpenVLA.md,Related,Library analysis: Modular affordance-grounded skill planning versus direct visual-language action prediction.,2026-09-23
"Do As I Can, Not As I Say: Grounding Language in Robotic Affordances",02_Papers/01_VLA/SayCan.md,HAMSTER: Hierarchical Action Models for Open-World Robot Manipulation,02_Papers/07_Generalization_LongHorizon/HAMSTER.md,Related,Library analysis: Both organize long-horizon manipulation around higher-level action structure; compare explicit feasibility and subgoal representations.,2026-09-23
OpenVLA: An Open-Source Vision-Language-Action Model,02_Papers/01_VLA/OpenVLA.md,"Do As I Can, Not As I Say: Grounding Language in Robotic Affordances",02_Papers/01_VLA/SayCan.md,Related,Library analysis: Modular affordance-grounded skill planning versus direct visual-language action prediction.,2026-09-23
OpenVLA: An Open-Source Vision-Language-Action Model,02_Papers/01_VLA/OpenVLA.md,Octo: An Open-Source Generalist Robot Policy,02_Papers/01_VLA/Octo.md,Related,Library analysis: Two generalist robot-policy approaches with different architectures and training mixtures.,2026-09-23
OpenVLA: An Open-Source Vision-Language-Action Model,02_Papers/01_VLA/OpenVLA.md,RDT-1B: a Diffusion Foundation Model for Bimanual Manipulation,02_Papers/03_Bimanual/RDT-1B.md,Related,Library analysis: Generalist VLA versus bimanual diffusion action generation; useful for action-representation comparison.,2026-09-23
OpenVLA: An Open-Source Vision-Language-Action Model,02_Papers/01_VLA/OpenVLA.md,Sim2Real-VLA: Zero-Shot Generalization of Synthesized Skills to Realistic Manipulation,02_Papers/05_Sim2Real/Sim2Real-VLA.md,Related,Library analysis: Compare synthetic-to-real VLA transfer with an open generalist VLA baseline.,2026-09-23
HAMSTER: Hierarchical Action Models for Open-World Robot Manipulation,02_Papers/07_Generalization_LongHorizon/HAMSTER.md,"Do As I Can, Not As I Say: Grounding Language in Robotic Affordances",02_Papers/01_VLA/SayCan.md,Related,Library analysis: Both organize long-horizon manipulation around higher-level action structure; compare explicit feasibility and subgoal representations.,2026-09-23
Octo: An Open-Source Generalist Robot Policy,02_Papers/01_VLA/Octo.md,OpenVLA: An Open-Source Vision-Language-Action Model,02_Papers/01_VLA/OpenVLA.md,Related,Library analysis: Two generalist robot-policy approaches with different architectures and training mixtures.,2026-09-23
RDT-1B: a Diffusion Foundation Model for Bimanual Manipulation,02_Papers/03_Bimanual/RDT-1B.md,OpenVLA: An Open-Source Vision-Language-Action Model,02_Papers/01_VLA/OpenVLA.md,Related,Library analysis: Generalist VLA versus bimanual diffusion action generation; useful for action-representation comparison.,2026-09-23
RDT-1B: a Diffusion Foundation Model for Bimanual Manipulation,02_Papers/03_Bimanual/RDT-1B.md,TwinVLA: Data-Efficient Bimanual Manipulation with Twin Single-Arm Vision-Language-Action Models,02_Papers/03_Bimanual/TwinVLA.md,Related,Library analysis: Both target bimanual VLA control; compare joint modeling with twin single-arm adaptation.,2026-09-23
TwinVLA: Data-Efficient Bimanual Manipulation with Twin Single-Arm Vision-Language-Action Models,02_Papers/03_Bimanual/TwinVLA.md,RDT-1B: a Diffusion Foundation Model for Bimanual Manipulation,02_Papers/03_Bimanual/RDT-1B.md,Related,Library analysis: Both target bimanual VLA control; compare joint modeling with twin single-arm adaptation.,2026-09-23
You Only Teach Once: Learn One-Shot Bimanual Robotic Manipulation from Video Demonstrations,02_Papers/03_Bimanual/YOTO.md,Gripper Pose and Object Pointflow as Interfaces for Robotic Bimanual Manipulation,02_Papers/03_Bimanual/PPI_Bimanual.md,Related,Library analysis: Bimanual ordinary-gripper manipulation with different demonstration and spatial-interface strategies.,2026-09-23
Gripper Pose and Object Pointflow as Interfaces for Robotic Bimanual Manipulation,02_Papers/03_Bimanual/PPI_Bimanual.md,You Only Teach Once: Learn One-Shot Bimanual Robotic Manipulation from Video Demonstrations,02_Papers/03_Bimanual/YOTO.md,Related,Library analysis: Bimanual ordinary-gripper manipulation with different demonstration and spatial-interface strategies.,2026-09-23
Open X-Embodiment: Robotic Learning Datasets and RT-X Models,02_Papers/10_Benchmark_Dataset/Open_X-Embodiment.md,DROID: A Large-Scale In-The-Wild Robot Manipulation Dataset,02_Papers/10_Benchmark_Dataset/DROID.md,Related,Library analysis: Complementary large robot-data sources; compare embodiment and collection protocols.,2026-09-23
DROID: A Large-Scale In-The-Wild Robot Manipulation Dataset,02_Papers/10_Benchmark_Dataset/DROID.md,Open X-Embodiment: Robotic Learning Datasets and RT-X Models,02_Papers/10_Benchmark_Dataset/Open_X-Embodiment.md,Related,Library analysis: Complementary large robot-data sources; compare embodiment and collection protocols.,2026-09-23
Sim2Real-VLA: Zero-Shot Generalization of Synthesized Skills to Realistic Manipulation,02_Papers/05_Sim2Real/Sim2Real-VLA.md,OpenVLA: An Open-Source Vision-Language-Action Model,02_Papers/01_VLA/OpenVLA.md,Related,Library analysis: Compare synthetic-to-real VLA transfer with an open generalist VLA baseline.,2026-09-23
RoboGround: Robotic Manipulation with Grounded Vision-Language Priors,02_Papers/01_VLA/RoboGround.md,ReconVLA: Reconstructive Vision-Language-Action Model as Effective Robot Perceiver,02_Papers/01_VLA/ReconVLA.md,Related,"Library analysis: Both target visual grounding in VLA-style manipulation, with different perception mechanisms.",2026-09-23
ReconVLA: Reconstructive Vision-Language-Action Model as Effective Robot Perceiver,02_Papers/01_VLA/ReconVLA.md,RoboGround: Robotic Manipulation with Grounded Vision-Language Priors,02_Papers/01_VLA/RoboGround.md,Related,"Library analysis: Both target visual grounding in VLA-style manipulation, with different perception mechanisms.",2026-09-23
3D Diffuser Actor: Policy Diffusion with 3D Scene Representations,02_Papers/06_Diffusion_Flow_IL_RL/3D_Diffuser_Actor.md,Equivariant Diffusion Policy,02_Papers/06_Diffusion_Flow_IL_RL/Equivariant_Diffusion_Policy.md,Related,Library analysis: Related 3D and equivariant diffusion approaches to manipulation.,2026-09-23
Equivariant Diffusion Policy,02_Papers/06_Diffusion_Flow_IL_RL/Equivariant_Diffusion_Policy.md,3D Diffuser Actor: Policy Diffusion with 3D Scene Representations,02_Papers/06_Diffusion_Flow_IL_RL/3D_Diffuser_Actor.md,Related,Library analysis: Related 3D and equivariant diffusion approaches to manipulation.,2026-09-23
